,doctor,nurse,patient,walking,waiting_instruction,ocupied,empty,admiting,documenting,checking-medicine,documenting-risk,waiting_admission,in-admission,walking_%,documenting_%,not-walking_%,not-documenting_%
0,2,3,13,0,18,13,39,0,0,0,0,0,0,0.0,0.0,1.0,1.0
1,2,3,13,5,0,13,39,0,0,0,0,13,0,1.0,0.0,0.0,1.0
2,2,3,13,2,0,13,39,0,0,3,0,13,0,0.5,0.0,0.5,1.0
3,2,3,13,1,0,13,39,1,0,3,0,12,1,0.3333333333333333,0.0,0.6666666666666667,1.0
4,2,3,13,1,0,13,39,1,0,3,0,12,1,0.25,0.0,0.75,1.0
5,2,3,13,0,0,13,39,2,0,3,0,11,2,0.2,0.0,0.8,1.0
6,2,3,13,0,0,13,39,2,0,3,0,11,2,0.16666666666666666,0.0,0.8333333333333334,1.0
7,2,3,13,0,0,13,39,2,0,3,0,11,2,0.14285714285714285,0.0,0.8571428571428572,1.0
8,2,3,13,0,0,13,39,2,0,3,0,11,2,0.125,0.0,0.875,1.0
9,2,3,13,0,0,13,39,2,0,3,0,11,2,0.1111111111111111,0.0,0.8888888888888888,1.0
10,2,3,13,0,1,13,39,1,0,3,0,11,2,0.1,0.0,0.9,1.0
11,2,3,13,1,0,13,39,1,0,3,0,11,2,0.09090909090909091,0.0,0.9090909090909091,1.0
12,2,3,13,1,1,13,39,0,0,3,0,11,2,0.08333333333333333,0.0,0.9166666666666666,1.0
13,2,3,13,2,0,13,39,0,0,3,0,11,2,0.07692307692307693,0.0,0.9230769230769231,1.0
14,2,3,13,2,0,13,39,0,0,3,0,11,2,0.07142857142857142,0.0,0.9285714285714286,1.0
15,2,3,13,2,0,13,39,0,0,3,0,11,2,0.06666666666666667,0.0,0.9333333333333333,1.0
16,2,3,13,1,0,13,39,1,0,3,0,10,3,0.0625,0.0,0.9375,1.0
17,2,3,13,0,0,13,39,2,0,3,0,9,4,0.058823529411764705,0.0,0.9411764705882353,1.0
18,2,3,13,0,0,13,39,2,0,3,0,9,4,0.05555555555555555,0.0,0.9444444444444444,1.0
19,2,3,13,0,3,13,39,2,0,0,0,9,4,0.05263157894736842,0.0,0.9473684210526316,1.0
20,2,3,13,3,0,13,39,2,0,0,0,9,4,0.1,0.0,0.9,1.0
21,2,3,13,0,0,13,39,2,3,0,0,9,4,0.09523809523809523,0.047619047619047616,0.9047619047619048,0.9523809523809523
22,2,3,13,0,0,13,39,2,3,0,0,9,4,0.09090909090909091,0.09090909090909091,0.9090909090909091,0.9090909090909091
23,2,3,13,0,1,13,39,1,3,0,0,9,4,0.08695652173913043,0.13043478260869565,0.9130434782608696,0.8695652173913043
24,2,3,13,1,1,13,39,0,3,0,0,9,4,0.08333333333333333,0.16666666666666666,0.9166666666666666,0.8333333333333334
25,2,3,13,2,0,13,39,0,3,0,0,9,4,0.08,0.2,0.92,0.8
26,2,3,13,2,0,13,39,0,3,0,0,9,4,0.07692307692307693,0.23076923076923078,0.9230769230769231,0.7692307692307692
27,2,3,13,2,0,13,39,0,3,0,0,9,4,0.07407407407407407,0.25925925925925924,0.9259259259259259,0.7407407407407407
28,2,3,13,2,3,13,39,0,0,0,0,9,4,0.07142857142857142,0.25,0.9285714285714286,0.75
29,2,3,13,4,0,13,39,1,0,0,0,8,5,0.10344827586206896,0.2413793103448276,0.896551724137931,0.7586206896551724
30,2,3,13,3,0,13,39,2,0,0,0,7,6,0.13333333333333333,0.23333333333333334,0.8666666666666667,0.7666666666666666
31,2,3,13,2,0,13,39,3,0,0,0,7,6,0.15053763440860216,0.22580645161290322,0.8494623655913979,0.7741935483870968
32,2,3,13,1,0,13,39,4,0,0,0,7,6,0.15625,0.21875,0.84375,0.78125
33,2,3,13,0,0,13,39,5,0,0,0,7,6,0.15151515151515152,0.21212121212121213,0.8484848484848485,0.7878787878787878
34,2,3,13,0,0,13,39,5,0,0,0,7,6,0.14705882352941177,0.20588235294117646,0.8529411764705882,0.7941176470588236
35,2,3,13,0,0,13,39,5,0,0,0,7,6,0.14285714285714285,0.2,0.8571428571428572,0.8
36,2,3,13,0,1,13,39,4,0,0,0,7,6,0.1388888888888889,0.19444444444444445,0.8611111111111112,0.8055555555555556
37,2,3,13,1,1,13,39,3,0,0,0,7,6,0.13513513513513514,0.1891891891891892,0.8648648648648649,0.8108108108108107
38,2,3,13,2,1,13,39,2,0,0,0,7,6,0.13157894736842105,0.18421052631578946,0.868421052631579,0.8157894736842105
39,2,3,13,3,1,13,39,1,0,0,0,7,6,0.13675213675213677,0.1794871794871795,0.8632478632478633,0.8205128205128205
40,2,3,13,4,1,13,39,0,0,0,0,7,6,0.15,0.175,0.85,0.825
41,2,3,13,2,0,13,39,2,1,0,0,5,8,0.16260162601626016,0.17886178861788618,0.8373983739837398,0.8211382113821138
42,2,3,13,2,0,13,39,2,1,0,0,5,8,0.1746031746031746,0.18253968253968253,0.8253968253968254,0.8174603174603174
43,2,3,13,1,0,13,39,2,2,0,0,5,8,0.17829457364341086,0.1937984496124031,0.8217054263565892,0.8062015503875969
44,2,3,13,1,0,13,39,2,2,0,0,5,8,0.18181818181818182,0.20454545454545456,0.8181818181818181,0.7954545454545454
45,2,3,13,0,0,13,39,2,3,0,0,5,8,0.17777777777777778,0.2222222222222222,0.8222222222222222,0.7777777777777778
46,2,3,13,0,0,13,39,2,3,0,0,5,8,0.17391304347826086,0.2391304347826087,0.8260869565217391,0.7608695652173914
47,2,3,13,0,0,13,39,2,3,0,0,5,8,0.1702127659574468,0.2553191489361702,0.8297872340425532,0.7446808510638299
48,2,3,13,0,3,13,39,0,2,0,0,5,8,0.16666666666666666,0.2638888888888889,0.8333333333333334,0.7361111111111112
49,2,3,13,3,0,13,39,0,2,0,0,5,8,0.17006802721088435,0.272108843537415,0.8299319727891157,0.727891156462585
50,2,3,13,3,1,13,39,0,1,0,0,5,8,0.17333333333333334,0.2733333333333334,0.8266666666666667,0.7266666666666666
51,2,3,13,4,0,13,39,0,1,0,0,5,8,0.1830065359477124,0.27450980392156865,0.8169934640522876,0.7254901960784313
52,2,3,13,4,1,13,39,0,0,0,0,5,8,0.1923076923076923,0.2692307692307693,0.8076923076923077,0.7307692307692307
53,2,3,13,5,0,13,39,0,0,0,0,5,8,0.20754716981132076,0.26415094339622647,0.7924528301886793,0.7358490566037735
54,2,3,13,4,0,13,39,1,0,0,0,5,8,0.21604938271604937,0.2592592592592593,0.7839506172839507,0.7407407407407407
55,2,3,13,2,0,13,39,3,0,0,0,4,9,0.21818181818181817,0.2545454545454546,0.7818181818181819,0.7454545454545454
56,2,3,13,1,0,13,39,4,0,0,0,4,9,0.21428571428571427,0.25000000000000006,0.7857142857142857,0.75
57,2,3,13,0,0,13,39,5,0,0,0,3,10,0.21052631578947367,0.24561403508771934,0.7894736842105263,0.7543859649122806
58,2,3,13,0,0,13,39,5,0,0,0,3,10,0.20689655172413793,0.24137931034482762,0.7931034482758621,0.7586206896551724
59,2,3,13,0,0,13,39,5,0,0,0,3,10,0.2033898305084746,0.23728813559322037,0.7966101694915254,0.7627118644067796
60,2,3,13,0,0,13,39,5,0,0,0,3,10,0.2,0.23333333333333336,0.8,0.7666666666666666
61,2,3,13,0,1,13,39,4,0,0,0,3,10,0.19672131147540983,0.2295081967213115,0.8032786885245902,0.7704918032786885
62,2,3,13,1,2,13,39,2,0,0,0,3,10,0.1989247311827957,0.22580645161290328,0.8010752688172043,0.7741935483870968
63,2,3,13,3,1,13,39,1,0,0,0,3,10,0.20634920634920634,0.22222222222222227,0.7936507936507937,0.7777777777777777
64,2,3,13,4,1,13,39,0,0,0,0,3,10,0.21875,0.21875000000000003,0.78125,0.78125
65,2,3,13,5,0,13,39,0,0,0,0,3,10,0.23076923076923078,0.21538461538461542,0.7692307692307692,0.7846153846153846
66,2,3,13,5,0,13,39,0,0,0,0,3,10,0.24242424242424243,0.21212121212121215,0.7575757575757576,0.7878787878787878
67,2,3,13,2,0,13,39,0,3,0,0,3,10,0.23880597014925373,0.2238805970149254,0.7611940298507462,0.7761194029850746
68,2,3,13,2,0,13,39,0,3,0,0,3,10,0.23529411764705882,0.23529411764705885,0.7647058823529411,0.7647058823529411
69,2,3,13,2,0,13,39,0,3,0,0,3,10,0.2318840579710145,0.24637681159420294,0.7681159420289855,0.7536231884057971
70,2,3,13,1,0,13,39,1,3,0,0,2,11,0.22857142857142856,0.2571428571428572,0.7714285714285715,0.7428571428571429
71,2,3,13,0,0,13,39,2,3,0,0,1,12,0.22535211267605634,0.26760563380281693,0.7746478873239436,0.732394366197183
72,2,3,13,0,0,13,39,2,3,0,0,1,12,0.2222222222222222,0.2777777777777778,0.7777777777777778,0.7222222222222222
73,2,3,13,0,0,13,39,2,3,0,0,1,12,0.2191780821917808,0.2876712328767123,0.7808219178082192,0.7123287671232876
74,2,3,13,0,3,13,39,2,0,0,0,1,12,0.21621621621621623,0.28378378378378377,0.7837837837837838,0.7162162162162162
75,2,3,13,3,0,13,39,2,0,0,0,1,12,0.22666666666666666,0.28,0.7733333333333333,0.72
76,2,3,13,3,0,13,39,2,0,0,0,1,12,0.23684210526315788,0.27631578947368424,0.7631578947368421,0.7236842105263157
77,2,3,13,3,1,13,39,1,0,0,0,1,12,0.24675324675324675,0.27272727272727276,0.7532467532467533,0.7272727272727273
78,2,3,13,2,2,13,39,1,0,0,0,1,12,0.25213675213675213,0.2692307692307693,0.7478632478632479,0.7307692307692307
79,2,3,13,2,1,13,39,2,0,0,0,1,12,0.25316455696202533,0.2658227848101266,0.7468354430379747,0.7341772151898733
80,2,3,13,2,1,13,39,2,0,0,0,1,12,0.2541666666666667,0.2625,0.7458333333333333,0.7375
81,2,3,13,1,1,13,39,3,0,0,0,1,12,0.25102880658436216,0.25925925925925924,0.7489711934156378,0.7407407407407407
82,2,3,13,1,1,13,39,3,0,0,0,1,12,0.24796747967479676,0.25609756097560976,0.7520325203252032,0.7439024390243902
83,2,3,13,0,1,13,39,4,0,0,0,0,13,0.24497991967871488,0.25301204819277107,0.7550200803212851,0.7469879518072289
84,2,3,13,0,1,13,39,4,0,0,0,0,13,0.2420634920634921,0.24999999999999997,0.7579365079365079,0.75
85,2,3,13,0,2,13,39,3,0,0,0,0,13,0.23921568627450984,0.24705882352941175,0.7607843137254902,0.7529411764705882
86,2,3,13,1,2,13,39,2,0,0,0,0,13,0.24031007751937988,0.24418604651162787,0.7596899224806202,0.7558139534883721
87,2,3,13,2,1,13,39,2,0,0,0,0,13,0.24521072796934865,0.24137931034482757,0.7547892720306514,0.7586206896551724
88,2,3,13,2,2,13,39,1,0,0,0,0,13,0.25,0.23863636363636362,0.75,0.7613636363636364
89,2,3,13,2,1,13,39,1,1,0,0,0,13,0.2546816479400749,0.23970037453183518,0.7453183520599251,0.7602996254681649
90,2,3,13,2,2,13,39,0,1,0,0,0,13,0.25925925925925924,0.24074074074074073,0.7407407407407407,0.7592592592592593
91,2,3,13,1,2,13,39,0,2,0,0,0,13,0.2600732600732601,0.2454212454212454,0.73992673992674,0.7545787545787546
92,2,3,13,1,2,13,39,0,2,0,0,0,13,0.2608695652173913,0.25,0.7391304347826086,0.75
93,2,3,13,1,2,13,39,0,2,0,0,0,13,0.2616487455197133,0.25448028673835127,0.7383512544802867,0.7455197132616487
94,2,3,13,1,2,13,39,0,2,0,0,0,13,0.26241134751773054,0.25886524822695034,0.7375886524822695,0.7411347517730497
95,2,3,13,0,2,13,39,0,3,0,0,0,13,0.2596491228070176,0.26666666666666666,0.7403508771929824,0.7333333333333334
96,2,3,13,0,3,13,39,0,2,0,0,0,13,0.2569444444444445,0.2708333333333333,0.7430555555555556,0.7291666666666667
97,2,3,13,1,2,13,39,0,2,0,0,0,13,0.2577319587628866,0.27491408934707906,0.7422680412371134,0.7250859106529209
98,2,3,13,1,3,13,39,0,1,0,0,0,13,0.2585034013605443,0.2755102040816326,0.7414965986394557,0.7244897959183674
99,2,3,13,2,2,13,39,0,1,0,0,0,13,0.26262626262626265,0.27609427609427606,0.7373737373737373,0.7239057239057239
100,2,3,13,1,2,13,39,1,1,0,0,0,13,0.26333333333333336,0.2766666666666666,0.7366666666666666,0.7233333333333334
101,2,3,13,0,2,13,39,2,1,0,0,0,13,0.2607260726072608,0.2772277227722772,0.7392739273927392,0.7227722772277227
102,2,3,13,0,3,13,39,2,0,0,0,0,13,0.2581699346405229,0.2745098039215686,0.7418300653594772,0.7254901960784315
103,2,3,13,1,2,13,39,2,0,0,0,0,13,0.25889967637540456,0.2718446601941747,0.7411003236245954,0.7281553398058254
104,2,3,13,1,2,13,39,2,0,0,0,0,13,0.25961538461538464,0.26923076923076916,0.7403846153846154,0.7307692307692308
105,2,3,13,1,2,13,39,2,0,0,0,0,13,0.26031746031746034,0.26666666666666655,0.7396825396825397,0.7333333333333334
106,2,3,13,1,2,13,39,2,0,0,0,0,13,0.2610062893081761,0.2641509433962263,0.7389937106918238,0.7358490566037736
107,2,3,13,0,3,13,39,2,0,0,0,0,13,0.2585669781931464,0.26168224299065407,0.7414330218068537,0.738317757009346
108,2,3,13,1,3,13,39,1,0,0,0,0,13,0.2592592592592592,0.25925925925925913,0.7407407407407408,0.7407407407407409
109,2,3,13,2,2,13,39,1,0,0,0,0,13,0.2629969418960244,0.256880733944954,0.7370030581039756,0.7431192660550461
110,2,3,13,2,2,13,39,1,0,0,0,0,13,0.2666666666666666,0.25454545454545435,0.7333333333333334,0.7454545454545456
111,2,3,13,0,2,13,39,1,2,0,0,0,13,0.26426426426426425,0.2582582582582581,0.7357357357357357,0.7417417417417419
112,2,3,13,0,2,13,39,1,2,0,0,0,13,0.2619047619047619,0.26190476190476175,0.7380952380952381,0.7380952380952382
113,2,3,13,0,2,13,39,1,2,0,0,0,13,0.25958702064896755,0.26548672566371667,0.7404129793510325,0.7345132743362833
114,2,3,13,0,3,13,39,0,2,0,0,0,13,0.2573099415204678,0.26900584795321625,0.7426900584795322,0.7309941520467838
115,2,3,13,1,2,13,39,0,2,0,0,0,13,0.2579710144927536,0.2724637681159419,0.7420289855072464,0.7275362318840581
116,2,3,13,1,2,13,39,0,2,0,0,0,13,0.25862068965517243,0.2758620689655171,0.7413793103448276,0.7241379310344829
117,2,3,13,1,2,13,39,0,2,0,0,0,13,0.25925925925925924,0.2792022792022791,0.7407407407407407,0.720797720797721
118,2,3,13,1,4,13,39,0,0,0,0,0,13,0.2598870056497175,0.2768361581920903,0.7401129943502824,0.7231638418079097
119,2,3,13,1,3,13,39,0,1,0,0,0,13,0.2605042016806723,0.2773109243697478,0.7394957983193278,0.7226890756302522
120,2,3,13,1,3,13,39,0,1,0,0,0,13,0.2611111111111111,0.2777777777777777,0.7388888888888889,0.7222222222222223
121,2,3,13,1,3,13,39,0,1,0,0,0,13,0.26170798898071623,0.2782369146005509,0.7382920110192838,0.7217630853994491
122,2,3,13,1,3,13,39,0,1,0,0,0,13,0.2622950819672131,0.27868852459016386,0.7377049180327869,0.7213114754098362
123,2,3,13,1,3,13,39,0,1,0,0,0,13,0.26287262872628725,0.2791327913279132,0.7371273712737128,0.7208672086720869
124,2,3,13,0,3,13,39,1,1,0,0,0,13,0.260752688172043,0.2795698924731182,0.739247311827957,0.7204301075268817
125,2,3,13,0,3,13,39,1,1,0,0,0,13,0.25866666666666666,0.2799999999999999,0.7413333333333334,0.7200000000000001
126,2,3,13,0,4,13,39,1,0,0,0,0,13,0.2566137566137566,0.2777777777777777,0.7433862433862434,0.7222222222222223
127,2,3,13,0,4,13,39,1,0,0,0,0,13,0.2545931758530184,0.27559055118110226,0.7454068241469816,0.7244094488188977
128,2,3,13,0,4,13,39,1,0,0,0,0,13,0.2526041666666667,0.2734374999999999,0.7473958333333333,0.7265625000000001
129,2,3,13,0,4,13,39,1,0,0,0,0,13,0.25064599483204136,0.2713178294573642,0.7493540051679586,0.7286821705426358
130,2,3,13,0,4,13,39,1,0,0,0,0,13,0.24871794871794875,0.2692307692307691,0.7512820512820513,0.7307692307692308
131,2,3,13,0,5,13,39,0,0,0,0,0,13,0.2468193384223919,0.26717557251908386,0.7531806615776081,0.7328244274809161
132,2,3,13,1,4,13,39,0,0,0,0,0,13,0.24747474747474751,0.265151515151515,0.7525252525252525,0.734848484848485
133,2,3,13,1,4,13,39,0,0,0,0,0,13,0.24812030075187974,0.263157894736842,0.7518796992481203,0.736842105263158
134,2,3,13,1,4,13,39,0,0,0,0,0,13,0.24875621890547267,0.26119402985074613,0.7512437810945274,0.7388059701492539
135,2,3,13,1,4,13,39,0,0,0,0,0,13,0.24938271604938275,0.25925925925925913,0.7506172839506172,0.7407407407407409
136,2,3,13,1,4,13,39,0,0,0,0,0,13,0.25000000000000006,0.25735294117647045,0.75,0.7426470588235295
137,2,3,13,0,4,13,39,0,1,0,0,0,13,0.24817518248175188,0.2579075425790753,0.7518248175182481,0.7420924574209247
138,2,3,13,0,4,13,39,0,1,0,0,0,13,0.24637681159420297,0.2584541062801931,0.753623188405797,0.741545893719807
139,2,3,13,0,4,13,39,0,1,0,0,0,13,0.24460431654676265,0.25899280575539557,0.7553956834532374,0.7410071942446044
140,2,3,13,0,4,13,39,0,1,0,0,0,13,0.24285714285714294,0.25952380952380943,0.7571428571428571,0.7404761904761905
141,2,3,13,0,4,13,39,0,1,0,0,0,13,0.24113475177304972,0.26004728132387694,0.7588652482269502,0.739952718676123
142,2,3,13,0,4,13,39,0,1,0,0,0,13,0.23943661971830993,0.26056338028169,0.76056338028169,0.73943661971831
143,2,3,13,0,4,13,39,0,1,0,0,0,13,0.23776223776223782,0.26107226107226095,0.7622377622377622,0.7389277389277391
144,2,3,13,0,5,13,39,0,0,0,0,0,13,0.2361111111111112,0.25925925925925913,0.7638888888888888,0.7407407407407409
145,2,3,13,0,5,13,39,0,0,0,0,0,13,0.2344827586206897,0.257471264367816,0.7655172413793103,0.742528735632184
146,2,3,13,0,5,13,39,0,0,0,0,0,13,0.2328767123287672,0.2557077625570775,0.7671232876712328,0.7442922374429225
147,2,3,13,0,5,13,39,0,0,0,0,0,13,0.23129251700680278,0.25396825396825384,0.7687074829931972,0.7460317460317462
148,2,3,13,0,5,13,39,0,0,0,0,0,13,0.2297297297297298,0.2522522522522521,0.7702702702702702,0.7477477477477479
149,2,3,13,0,5,13,39,0,0,0,0,0,13,0.2281879194630873,0.250559284116331,0.7718120805369126,0.749440715883669
150,2,3,13,0,5,13,39,0,0,0,0,0,13,0.22666666666666674,0.2488888888888888,0.7733333333333332,0.7511111111111112
151,2,3,13,0,5,13,39,0,0,0,0,0,13,0.22516556291390735,0.24724061810154516,0.7748344370860927,0.7527593818984548
152,2,3,13,0,5,13,39,0,0,0,0,0,13,0.22368421052631585,0.2456140350877192,0.7763157894736842,0.7543859649122808
153,2,3,13,0,5,13,39,0,0,0,0,0,13,0.2222222222222223,0.2440087145969498,0.7777777777777777,0.7559912854030502
154,2,3,0,0,5,0,52,0,0,0,0,0,0,0.22077922077922085,0.24242424242424232,0.7792207792207791,0.7575757575757577
155,2,3,0,0,5,0,52,0,0,0,0,0,0,0.21935483870967748,0.24086021505376334,0.7806451612903225,0.7591397849462367
156,2,3,0,0,5,0,52,0,0,0,0,0,0,0.217948717948718,0.23931623931623922,0.7820512820512819,0.7606837606837608
157,2,3,0,0,5,0,52,0,0,0,0,0,0,0.2165605095541402,0.2377919320594479,0.7834394904458598,0.7622080679405521
158,2,3,1,0,6,1,51,0,0,0,0,0,0,0.21518987341772158,0.23628691983122355,0.7848101265822784,0.7637130801687765
159,2,3,6,2,8,6,46,0,0,0,0,1,0,0.21593291404612167,0.23480083857442338,0.7840670859538783,0.7651991614255766
160,2,3,11,5,5,11,41,0,0,0,0,6,0,0.22083333333333338,0.23333333333333325,0.7791666666666666,0.7666666666666667
161,2,3,13,4,2,13,39,1,0,0,0,10,1,0.22360248447204975,0.2318840579710144,0.7763975155279502,0.7681159420289856
162,2,3,13,4,0,13,39,1,0,0,0,12,1,0.22633744855967083,0.23045267489711926,0.7736625514403291,0.7695473251028807
163,2,3,13,3,0,13,39,2,0,0,0,11,2,0.2269938650306749,0.2290388548057259,0.7730061349693251,0.7709611451942742
164,2,3,13,0,0,13,39,5,0,0,0,10,3,0.22560975609756104,0.22764227642276413,0.7743902439024389,0.7723577235772359
165,2,3,13,0,0,13,39,5,0,0,0,10,3,0.2242424242424243,0.22626262626262617,0.7757575757575756,0.7737373737373738
166,2,3,13,0,0,13,39,5,0,0,0,10,3,0.2228915662650603,0.2248995983935742,0.7771084337349397,0.7751004016064258
167,2,3,13,0,0,13,39,5,0,0,0,10,3,0.22155688622754496,0.22355289421157676,0.778443113772455,0.7764471057884232
168,2,3,13,0,0,13,39,5,0,0,0,10,3,0.2202380952380953,0.22222222222222213,0.7797619047619047,0.7777777777777779
169,2,3,13,0,1,13,39,4,0,0,0,10,3,0.2189349112426036,0.22090729783037466,0.7810650887573964,0.7790927021696253
170,2,3,13,1,0,13,39,4,0,0,0,10,3,0.21960784313725495,0.21960784313725482,0.780392156862745,0.7803921568627452
171,2,3,13,1,0,13,39,4,0,0,0,10,3,0.22027290448343084,0.21832358674463928,0.7797270955165692,0.7816764132553607
172,2,3,13,0,2,13,39,2,1,0,0,10,3,0.21899224806201556,0.21899224806201542,0.7810077519379844,0.7810077519379846
173,2,3,13,2,2,13,39,0,1,0,0,10,3,0.2196531791907515,0.21965317919075136,0.7803468208092486,0.7803468208092487
174,2,3,13,4,0,13,39,0,1,0,0,10,3,0.22222222222222227,0.2203065134099616,0.7777777777777777,0.7796934865900385
175,2,3,13,4,0,13,39,0,1,0,0,10,3,0.22476190476190483,0.22095238095238087,0.7752380952380952,0.7790476190476191
176,2,3,13,3,0,13,39,0,2,0,0,10,3,0.22537878787878793,0.2234848484848484,0.774621212121212,0.7765151515151516
177,2,3,13,3,0,13,39,0,2,0,0,10,3,0.2259887005649718,0.22598870056497167,0.7740112994350282,0.7740112994350283
178,2,3,13,0,0,13,39,2,3,0,0,9,4,0.22471910112359555,0.23033707865168532,0.7752808988764044,0.7696629213483147
179,2,3,13,0,1,13,39,2,2,0,0,9,4,0.22346368715083803,0.23277467411545616,0.776536312849162,0.7672253258845438
180,2,3,13,1,0,13,39,2,2,0,0,9,4,0.22407407407407412,0.2351851851851851,0.7759259259259259,0.7648148148148148
181,2,3,13,1,0,13,39,2,2,0,0,9,4,0.22467771639042364,0.23756906077348056,0.7753222836095763,0.7624309392265194
182,2,3,13,1,0,13,39,2,2,0,0,9,4,0.22527472527472533,0.23992673992673982,0.7747252747252746,0.7600732600732601
183,2,3,13,1,0,13,39,2,2,0,0,9,4,0.2258652094717669,0.24225865209471756,0.7741347905282331,0.7577413479052825
184,2,3,13,1,1,13,39,2,1,0,0,9,4,0.22644927536231887,0.24275362318840568,0.7735507246376812,0.7572463768115943
185,2,3,13,1,0,13,39,3,1,0,0,9,4,0.22702702702702704,0.24324324324324315,0.772972972972973,0.7567567567567568
186,2,3,13,1,1,13,39,3,0,0,0,9,4,0.22759856630824374,0.24193548387096764,0.7724014336917563,0.7580645161290324
187,2,3,13,2,2,13,39,1,0,0,0,9,4,0.22994652406417113,0.24064171122994643,0.7700534759358288,0.7593582887700536
188,2,3,13,4,0,13,39,1,0,0,0,9,4,0.2322695035460993,0.23936170212765948,0.7677304964539007,0.7606382978723405
189,2,3,13,3,0,13,39,2,0,0,0,8,5,0.2328042328042328,0.238095238095238,0.7671957671957672,0.761904761904762
190,2,3,13,2,0,13,39,3,0,0,0,7,6,0.23157894736842105,0.2368421052631578,0.7684210526315789,0.7631578947368423
191,2,3,13,2,0,13,39,3,0,0,0,7,6,0.23036649214659685,0.23560209424083758,0.7696335078534031,0.7643979057591624
192,2,3,13,1,0,13,39,4,0,0,0,7,6,0.22916666666666666,0.2343749999999999,0.7708333333333334,0.7656250000000001
193,2,3,13,1,0,13,39,4,0,0,0,7,6,0.22797927461139897,0.23316062176165794,0.772020725388601,0.766839378238342
194,2,3,13,0,1,13,39,4,0,0,0,7,6,0.2268041237113402,0.23195876288659784,0.7731958762886598,0.7680412371134022
195,2,3,13,1,0,13,39,4,0,0,0,7,6,0.22735042735042735,0.23076923076923067,0.7726495726495727,0.7692307692307694
196,2,3,13,1,0,13,39,4,0,0,0,7,6,0.22789115646258504,0.22959183673469377,0.7721088435374149,0.7704081632653063
197,2,3,13,1,0,13,39,4,0,0,0,7,6,0.22842639593908629,0.2284263959390862,0.7715736040609137,0.7715736040609138
198,2,3,13,1,1,13,39,3,0,0,0,7,6,0.22895622895622897,0.22727272727272718,0.771043771043771,0.7727272727272728
199,2,3,13,2,1,13,39,2,0,0,0,7,6,0.23115577889447236,0.22613065326633155,0.7688442211055276,0.7738693467336685
200,2,3,13,2,0,13,39,2,1,0,0,7,6,0.23333333333333334,0.22666666666666657,0.7666666666666666,0.7733333333333334
201,2,3,13,2,1,13,39,1,1,0,0,7,6,0.23548922056384744,0.22719734660033158,0.7645107794361525,0.7728026533996684
202,2,3,13,3,0,13,39,1,1,0,0,7,6,0.2376237623762376,0.22772277227722762,0.7623762376237624,0.7722772277227724
203,2,3,13,1,1,13,39,0,3,0,0,7,6,0.23645320197044334,0.23152709359605902,0.7635467980295567,0.768472906403941
204,2,3,13,2,0,13,39,0,3,0,0,7,6,0.23529411764705882,0.23529411764705874,0.7647058823529411,0.7647058823529412
205,2,3,13,2,0,13,39,0,3,0,0,7,6,0.23414634146341465,0.23902439024390235,0.7658536585365854,0.7609756097560977
206,2,3,13,1,0,13,39,1,3,0,0,6,7,0.23300970873786409,0.24271844660194167,0.7669902912621359,0.7572815533980584
207,2,3,13,0,0,13,39,2,3,0,0,5,8,0.2318840579710145,0.2463768115942028,0.7681159420289855,0.7536231884057972
208,2,3,13,0,1,13,39,2,2,0,0,5,8,0.23076923076923078,0.24839743589743582,0.7692307692307692,0.7516025641025642
209,2,3,13,1,0,13,39,2,2,0,0,5,8,0.23125996810207336,0.2503987240829345,0.7687400318979266,0.7496012759170655
210,2,3,13,1,0,13,39,2,2,0,0,5,8,0.23174603174603176,0.2523809523809523,0.7682539682539682,0.7476190476190476
211,2,3,13,1,2,13,39,2,0,0,0,5,8,0.23222748815165878,0.2511848341232227,0.7677725118483412,0.7488151658767773
212,2,3,13,3,0,13,39,2,0,0,0,5,8,0.2358490566037736,0.24999999999999992,0.7641509433962264,0.7500000000000001
213,2,3,13,2,0,13,39,3,0,0,0,5,8,0.2378716744913928,0.2488262910798121,0.7621283255086072,0.7511737089201879
214,2,3,13,2,0,13,39,3,0,0,0,5,8,0.2398753894080997,0.24766355140186908,0.7601246105919003,0.752336448598131
215,2,3,13,1,1,13,39,3,0,0,0,4,9,0.24031007751937986,0.24651162790697664,0.7596899224806202,0.7534883720930233
216,2,3,13,2,1,13,39,2,0,0,0,4,9,0.24074074074074073,0.2453703703703703,0.7592592592592593,0.7546296296296298
217,2,3,13,3,0,13,39,2,0,0,0,4,9,0.2411674347158218,0.24423963133640544,0.7588325652841782,0.7557603686635945
218,2,3,13,2,0,13,39,3,0,0,0,4,9,0.2400611620795107,0.24311926605504577,0.7599388379204893,0.7568807339449543
219,2,3,13,2,0,13,39,3,0,0,0,4,9,0.2389649923896499,0.24200913242009123,0.76103500761035,0.7579908675799087
220,2,3,13,2,0,13,39,3,0,0,0,4,9,0.23787878787878788,0.24090909090909082,0.7621212121212121,0.7590909090909091
221,2,3,13,2,0,13,39,3,0,0,0,4,9,0.2368024132730015,0.2398190045248868,0.7631975867269984,0.7601809954751132
222,2,3,13,2,1,13,39,2,0,0,0,4,9,0.23573573573573572,0.23873873873873866,0.7642642642642643,0.7612612612612614
223,2,3,13,2,0,13,39,3,0,0,0,4,9,0.23617339312406577,0.2376681614349775,0.7638266068759343,0.7623318385650225
224,2,3,13,1,1,13,39,3,0,0,0,3,10,0.23660714285714285,0.23660714285714277,0.7633928571428572,0.7633928571428572
225,2,3,13,2,0,13,39,3,0,0,0,3,10,0.23851851851851852,0.23555555555555546,0.7614814814814814,0.7644444444444445
226,2,3,13,2,0,13,39,3,0,0,0,3,10,0.24041297935103245,0.2345132743362831,0.7595870206489675,0.7654867256637169
227,2,3,13,1,1,13,39,2,1,0,0,3,10,0.24082232011747431,0.23494860499265777,0.7591776798825257,0.7650513950073422
228,2,3,13,1,0,13,39,2,2,0,0,3,10,0.2412280701754386,0.2368421052631578,0.7587719298245614,0.7631578947368423
229,2,3,13,1,0,13,39,2,2,0,0,3,10,0.24163027656477437,0.23871906841339147,0.7583697234352256,0.7612809315866085
230,2,3,13,1,0,13,39,2,2,0,0,3,10,0.24202898550724639,0.24057971014492746,0.7579710144927536,0.7594202898550726
231,2,3,13,1,0,13,39,2,2,0,0,3,10,0.24242424242424243,0.24242424242424235,0.7575757575757576,0.7575757575757577
232,2,3,13,1,1,13,39,1,2,0,0,3,10,0.24281609195402298,0.24425287356321831,0.757183908045977,0.7557471264367817
233,2,3,13,2,1,13,39,0,2,0,0,3,10,0.24320457796852646,0.24606580829756788,0.7567954220314735,0.7539341917024321
234,2,3,13,2,0,13,39,0,3,0,0,3,10,0.24216524216524216,0.24928774928774922,0.7578347578347578,0.7507122507122508
235,2,3,13,2,1,13,39,0,2,0,0,3,10,0.24113475177304963,0.25106382978723396,0.7588652482269503,0.748936170212766
236,2,3,13,3,1,13,39,0,1,0,0,3,10,0.24152542372881355,0.251412429378531,0.7584745762711864,0.7485875706214691
237,2,3,13,4,0,13,39,0,1,0,0,3,10,0.24331926863572434,0.2517580872011251,0.7566807313642756,0.7482419127988749
238,2,3,13,3,0,13,39,1,1,0,0,3,10,0.24369747899159663,0.2521008403361344,0.7563025210084033,0.7478991596638656
239,2,3,13,2,0,13,39,2,1,0,0,2,11,0.24407252440725244,0.25244072524407246,0.7559274755927475,0.7475592747559275
240,2,3,13,1,0,13,39,3,1,0,0,2,11,0.24305555555555555,0.2527777777777777,0.7569444444444444,0.7472222222222222
241,2,3,13,0,0,13,39,4,1,0,0,1,12,0.24204702627939143,0.2531120331950207,0.7579529737206085,0.7468879668049793
242,2,3,13,0,1,13,39,4,0,0,0,1,12,0.24104683195592286,0.2520661157024793,0.7589531680440771,0.7479338842975207
243,2,3,13,1,0,13,39,4,0,0,0,1,12,0.24142661179698216,0.25102880658436205,0.7585733882030179,0.748971193415638
244,2,3,13,1,0,13,39,4,0,0,0,1,12,0.24180327868852458,0.24999999999999992,0.7581967213114754,0.7500000000000001
245,2,3,13,1,0,13,39,4,0,0,0,1,12,0.24217687074829933,0.24897959183673463,0.7578231292517007,0.7510204081632654
246,2,3,13,1,1,13,39,3,0,0,0,1,12,0.24254742547425473,0.24796747967479668,0.7574525745257452,0.7520325203252033
247,2,3,13,0,3,13,39,2,0,0,0,1,12,0.24156545209176788,0.24696356275303635,0.7584345479082322,0.7530364372469637
248,2,3,13,2,1,13,39,2,0,0,0,1,12,0.24327956989247312,0.2459677419354838,0.7567204301075269,0.7540322580645162
249,2,3,13,2,1,13,39,2,0,0,0,1,12,0.24497991967871485,0.2449799196787148,0.7550200803212852,0.7550200803212852
250,2,3,13,1,2,13,39,1,1,0,0,1,12,0.24533333333333332,0.24533333333333326,0.7546666666666667,0.7546666666666667
251,2,3,13,1,1,13,39,1,2,0,0,1,12,0.24435590969455512,0.24701195219123498,0.7556440903054449,0.752988047808765
252,2,3,13,1,1,13,39,1,2,0,0,1,12,0.24338624338624337,0.2486772486772486,0.7566137566137566,0.7513227513227514
253,2,3,13,1,1,13,39,1,2,0,0,1,12,0.24242424242424243,0.2503293807641633,0.7575757575757576,0.7496706192358367
254,2,3,13,1,1,13,39,1,2,0,0,1,12,0.24146981627296588,0.25196850393700776,0.7585301837270342,0.7480314960629922
255,2,3,13,0,1,13,39,2,2,0,0,0,13,0.24052287581699347,0.25359477124182994,0.7594771241830065,0.7464052287581701
256,2,3,13,0,2,13,39,1,2,0,0,0,13,0.23958333333333334,0.2552083333333332,0.7604166666666666,0.7447916666666667
257,2,3,13,1,1,13,39,1,2,0,0,0,13,0.23994811932555124,0.25680933852140064,0.7600518806744487,0.7431906614785994
258,2,3,13,1,2,13,39,1,1,0,0,0,13,0.24031007751937986,0.2571059431524546,0.7596899224806202,0.7428940568475454
259,2,3,13,2,2,13,39,1,0,0,0,0,13,0.24195624195624196,0.2561132561132559,0.758043758043758,0.743886743886744
260,2,3,13,2,2,13,39,1,0,0,0,0,13,0.24358974358974358,0.25512820512820494,0.7564102564102564,0.7448717948717951
261,2,3,13,1,2,13,39,1,1,0,0,0,13,0.24393358876117496,0.25542784163473803,0.756066411238825,0.744572158365262
262,2,3,13,1,3,13,39,0,1,0,0,0,13,0.24427480916030533,0.2557251908396945,0.7557251908396947,0.7442748091603055
263,2,3,13,1,3,13,39,0,1,0,0,0,13,0.24461343472750316,0.2560202788339669,0.7553865652724968,0.7439797211660331
264,2,3,13,0,3,13,39,1,1,0,0,0,13,0.24368686868686867,0.25631313131313116,0.7563131313131313,0.7436868686868688
265,2,3,13,0,3,13,39,1,1,0,0,0,13,0.24276729559748428,0.2566037735849055,0.7572327044025158,0.7433962264150945
266,2,3,13,0,3,13,39,1,1,0,0,0,13,0.24185463659147868,0.25689223057644095,0.7581453634085213,0.743107769423559
267,2,3,13,0,3,13,39,1,1,0,0,0,13,0.24094881398252185,0.25717852684144804,0.7590511860174781,0.742821473158552
268,2,3,13,0,3,13,39,1,1,0,0,0,13,0.24004975124378108,0.25746268656716403,0.7599502487562189,0.7425373134328359
269,2,3,13,0,4,13,39,1,0,0,0,0,13,0.23915737298636927,0.2565055762081783,0.7608426270136307,0.7434944237918217
270,2,3,13,0,4,13,39,1,0,0,0,0,13,0.2382716049382716,0.2555555555555554,0.7617283950617284,0.7444444444444446
271,2,3,13,0,5,13,39,0,0,0,0,0,13,0.23739237392373924,0.25461254612546114,0.7626076260762608,0.7453874538745389
272,2,3,13,1,4,13,39,0,0,0,0,0,13,0.23774509803921567,0.25367647058823517,0.7622549019607843,0.7463235294117648
273,2,3,13,1,4,13,39,0,0,0,0,0,13,0.23809523809523808,0.2527472527472526,0.7619047619047619,0.7472527472527474
274,2,3,13,1,4,13,39,0,0,0,0,0,13,0.2384428223844282,0.2518248175182481,0.7615571776155718,0.748175182481752
275,2,3,13,1,4,13,39,0,0,0,0,0,13,0.2387878787878788,0.25090909090909086,0.7612121212121212,0.7490909090909091
276,2,3,13,1,4,13,39,0,0,0,0,0,13,0.2391304347826087,0.24999999999999997,0.7608695652173914,0.75
277,2,3,13,0,4,13,39,0,1,0,0,0,13,0.23826714801444043,0.25030084235860406,0.7617328519855595,0.7496991576413959
278,2,3,13,0,4,13,39,0,1,0,0,0,13,0.23741007194244604,0.250599520383693,0.762589928057554,0.749400479616307
279,2,3,13,0,4,13,39,0,1,0,0,0,13,0.23655913978494625,0.2508960573476702,0.7634408602150538,0.7491039426523298
280,2,3,13,0,4,13,39,0,1,0,0,0,13,0.2357142857142857,0.25119047619047613,0.7642857142857142,0.7488095238095238
281,2,3,13,0,4,13,39,0,1,0,0,0,13,0.23487544483985764,0.25148279952550406,0.7651245551601423,0.748517200474496
282,2,3,13,0,4,13,39,0,1,0,0,0,13,0.23404255319148937,0.25177304964539,0.7659574468085106,0.74822695035461
283,2,3,13,0,4,13,39,0,1,0,0,0,13,0.2332155477031802,0.2520612485276796,0.7667844522968198,0.7479387514723204
284,2,3,13,0,4,13,39,0,1,0,0,0,13,0.2323943661971831,0.25234741784037557,0.7676056338028169,0.7476525821596245
285,2,3,13,0,5,13,39,0,0,0,0,0,13,0.23157894736842105,0.25146198830409355,0.7684210526315789,0.7485380116959064
286,2,3,13,0,5,13,39,0,0,0,0,0,13,0.23076923076923078,0.2505827505827506,0.7692307692307692,0.7494172494172494
287,2,3,13,0,5,13,39,0,0,0,0,0,13,0.22996515679442509,0.2497096399535424,0.7700348432055749,0.7502903600464577
288,2,3,13,0,5,13,39,0,0,0,0,0,13,0.22916666666666666,0.2488425925925926,0.7708333333333334,0.7511574074074074
289,2,3,13,0,5,13,39,0,0,0,0,0,13,0.22837370242214533,0.24798154555940022,0.7716262975778547,0.7520184544405998
290,2,3,13,0,5,13,39,0,0,0,0,0,13,0.22758620689655173,0.2471264367816092,0.7724137931034483,0.7528735632183908
291,2,3,13,0,5,13,39,0,0,0,0,0,13,0.2268041237113402,0.24627720504009165,0.7731958762886598,0.7537227949599083
292,2,3,13,0,5,13,39,0,0,0,0,0,13,0.22602739726027396,0.2454337899543379,0.773972602739726,0.754566210045662
293,2,3,13,0,5,13,39,0,0,0,0,0,13,0.22525597269624573,0.2445961319681456,0.7747440273037542,0.7554038680318544
294,2,3,13,0,5,13,39,0,0,0,0,0,13,0.22448979591836735,0.2437641723356009,0.7755102040816326,0.7562358276643991
295,2,3,13,0,5,13,39,0,0,0,0,0,13,0.22372881355932203,0.24293785310734464,0.7762711864406779,0.7570621468926554
296,2,3,13,0,5,13,39,0,0,0,0,0,13,0.22297297297297297,0.24211711711711711,0.777027027027027,0.7578828828828829
297,2,3,13,0,5,13,39,0,0,0,0,0,13,0.2222222222222222,0.24130190796857465,0.7777777777777778,0.7586980920314254
298,2,3,13,0,5,13,39,0,0,0,0,0,13,0.2214765100671141,0.24049217002237136,0.7785234899328859,0.7595078299776287
299,2,3,13,0,5,13,39,0,0,0,0,0,13,0.22073578595317725,0.23968784838350055,0.7792642140468228,0.7603121516164995
300,2,3,13,0,5,13,39,0,0,0,0,0,13,0.22,0.2388888888888889,0.78,0.7611111111111111
301,2,3,13,0,5,13,39,0,0,0,0,0,13,0.21926910299003322,0.23809523809523808,0.7807308970099668,0.7619047619047619
302,2,3,13,0,5,13,39,0,0,0,0,0,13,0.2185430463576159,0.23730684326710816,0.7814569536423841,0.7626931567328918
303,2,3,13,0,5,13,39,0,0,0,0,0,13,0.21782178217821782,0.23652365236523654,0.7821782178217822,0.7634763476347635
304,2,3,8,0,5,13,39,0,0,0,0,0,8,0.21710526315789475,0.23574561403508773,0.7828947368421053,0.7642543859649122
305,2,3,8,0,5,8,44,0,0,0,0,0,8,0.21639344262295082,0.23497267759562843,0.7836065573770492,0.7650273224043715
306,2,3,8,0,5,8,44,0,0,0,0,0,8,0.21568627450980393,0.23420479302832245,0.7843137254901961,0.7657952069716776
307,2,3,3,0,5,8,44,0,0,0,0,0,3,0.21498371335504887,0.23344191096634093,0.7850162866449512,0.7665580890336591
308,2,3,3,0,5,3,49,0,0,0,0,0,3,0.21428571428571427,0.2326839826839827,0.7857142857142857,0.7673160173160173
309,2,3,4,0,6,4,48,0,0,0,0,0,3,0.21359223300970873,0.2319309600862999,0.7864077669902912,0.7680690399137001
310,2,3,6,2,5,6,46,0,0,0,0,1,3,0.21397849462365592,0.23118279569892472,0.7860215053763441,0.7688172043010753
311,2,3,8,5,2,8,44,0,0,0,0,3,3,0.2165058949624866,0.2304394426580922,0.7834941050375134,0.7695605573419078
312,2,3,9,5,1,9,43,0,0,0,0,5,3,0.21901709401709402,0.2297008547008547,0.780982905982906,0.7702991452991453
313,2,3,11,5,2,11,41,0,0,0,0,6,3,0.2215122470713525,0.22896698615548455,0.7784877529286475,0.7710330138445154
314,2,3,13,2,2,13,39,3,0,0,0,6,5,0.2218683651804671,0.22823779193205945,0.7781316348195328,0.7717622080679405
315,2,3,13,1,0,13,39,4,0,0,0,7,6,0.22116402116402117,0.2275132275132275,0.7788359788359789,0.7724867724867726
316,2,3,13,1,0,13,39,4,0,0,0,7,6,0.22046413502109705,0.22679324894514769,0.7795358649789029,0.7732067510548524
317,2,3,13,1,0,13,39,4,0,0,0,7,6,0.21976866456361724,0.22607781282860148,0.7802313354363828,0.7739221871713985
318,2,3,13,1,0,13,39,4,0,0,0,7,6,0.2190775681341719,0.22536687631027252,0.7809224318658281,0.7746331236897275
319,2,3,13,0,0,13,39,5,0,0,0,7,6,0.21839080459770116,0.22466039707419017,0.7816091954022988,0.7753396029258098
320,2,3,13,0,0,13,39,5,0,0,0,7,6,0.21770833333333334,0.22395833333333334,0.7822916666666666,0.7760416666666666
321,2,3,13,0,2,13,39,3,0,0,0,7,6,0.21703011422637591,0.2232606438213915,0.782969885773624,0.7767393561786085
322,2,3,13,2,0,13,39,3,0,0,0,7,6,0.21739130434782608,0.2225672877846791,0.782608695652174,0.7774327122153208
323,2,3,13,2,0,13,39,3,0,0,0,7,6,0.21775025799793601,0.2218782249742002,0.782249742002064,0.7781217750257998
324,2,3,13,2,1,13,39,2,0,0,0,7,6,0.21810699588477367,0.22119341563786007,0.7818930041152263,0.7788065843621399
325,2,3,13,2,1,13,39,2,0,0,0,7,6,0.2194871794871795,0.2205128205128205,0.7805128205128204,0.7794871794871795
326,2,3,13,2,0,13,39,2,1,0,0,7,6,0.22085889570552147,0.22085889570552147,0.7791411042944785,0.7791411042944785
327,2,3,13,2,0,13,39,2,1,0,0,7,6,0.2222222222222222,0.22120285423037717,0.7777777777777778,0.7787971457696228
328,2,3,13,1,0,13,39,2,2,0,0,7,6,0.2225609756097561,0.2225609756097561,0.7774390243902439,0.7774390243902439
329,2,3,13,1,1,13,39,1,2,0,0,7,6,0.22289766970618036,0.22391084093211752,0.7771023302938196,0.7760891590678825
330,2,3,13,1,0,13,39,1,3,0,0,7,6,0.2222222222222222,0.22626262626262628,0.7777777777777778,0.7737373737373737
331,2,3,13,1,0,13,39,1,3,0,0,7,6,0.2215508559919436,0.22860020140986909,0.7784491440080564,0.7713997985901309
332,2,3,12,1,0,13,39,1,3,0,0,7,5,0.22088353413654618,0.23092369477911648,0.7791164658634538,0.7690763052208835
333,2,3,12,0,0,12,40,2,3,0,0,6,6,0.22022022022022023,0.23323323323323322,0.7797797797797797,0.7667667667667668
334,2,3,10,0,1,12,40,2,2,0,0,6,4,0.21956087824351297,0.2345309381237525,0.780439121756487,0.7654690618762475
335,2,3,10,1,2,10,42,1,1,0,0,6,4,0.21990049751243781,0.23482587064676616,0.7800995024875622,0.7651741293532338
336,2,3,10,3,0,10,42,1,1,0,0,6,4,0.22123015873015872,0.23511904761904762,0.7787698412698413,0.7648809523809523
337,2,3,10,3,1,10,42,1,0,0,0,6,4,0.22255192878338279,0.2344213649851632,0.7774480712166172,0.7655786350148368
338,2,3,10,4,0,10,42,1,0,0,0,6,4,0.22485207100591717,0.23372781065088757,0.7751479289940828,0.7662721893491125
339,2,3,12,3,2,12,40,2,0,0,0,6,4,0.22615535889872174,0.23303834808259588,0.7738446411012783,0.7669616519174041
340,2,3,13,2,1,13,39,3,0,0,0,7,5,0.22745098039215686,0.2323529411764706,0.7725490196078432,0.7676470588235293
341,2,3,13,1,0,13,39,4,0,0,0,7,6,0.22776148582600195,0.2316715542521994,0.772238514173998,0.7683284457478006
342,2,3,13,0,1,13,39,4,0,0,0,7,6,0.22709551656920077,0.2309941520467836,0.7729044834307992,0.7690058479532164
343,2,3,13,1,0,13,39,4,0,0,0,7,6,0.22643343051506318,0.2303206997084548,0.7735665694849369,0.7696793002915452
344,2,3,13,1,0,13,39,4,0,0,0,7,6,0.22577519379844962,0.22965116279069767,0.7742248062015504,0.7703488372093024
345,2,3,13,1,0,13,39,4,0,0,0,7,6,0.2251207729468599,0.2289855072463768,0.7748792270531402,0.7710144927536232
346,2,3,13,1,0,13,39,4,0,0,0,7,6,0.22447013487475914,0.22832369942196531,0.7755298651252409,0.7716763005780347
347,2,3,13,1,0,13,39,4,0,0,0,7,6,0.22382324687800192,0.2276657060518732,0.7761767531219981,0.7723342939481268
348,2,3,13,1,1,13,39,3,0,0,0,7,6,0.2231800766283525,0.22701149425287356,0.7768199233716475,0.7729885057471264
349,2,3,13,1,2,13,39,2,0,0,0,7,6,0.22349570200573066,0.22636103151862463,0.7765042979942693,0.7736389684813754
350,2,3,13,3,0,13,39,2,0,0,0,7,6,0.22476190476190477,0.2257142857142857,0.7752380952380953,0.7742857142857142
351,2,3,13,3,1,13,39,1,0,0,0,7,6,0.22602089268755934,0.22507122507122504,0.7739791073124407,0.774928774928775
352,2,3,13,4,0,13,39,1,0,0,0,7,6,0.22821969696969696,0.22443181818181815,0.771780303030303,0.7755681818181819
353,2,3,13,2,0,13,39,1,2,0,0,7,6,0.22851746931067043,0.2256846081208687,0.7714825306893296,0.7743153918791312
354,2,3,13,2,0,13,39,1,2,0,0,7,6,0.2288135593220339,0.22693032015065911,0.771186440677966,0.7730696798493408
355,2,3,13,2,0,13,39,1,2,0,0,7,6,0.2291079812206573,0.22816901408450702,0.7708920187793427,0.771830985915493
356,2,3,13,2,0,13,39,1,2,0,0,7,6,0.22940074906367042,0.2294007490636704,0.7705992509363295,0.7705992509363296
357,2,3,13,2,1,13,39,0,2,0,0,7,6,0.22969187675070027,0.23062558356676002,0.7703081232492998,0.76937441643324
358,2,3,13,1,0,13,39,1,3,0,0,6,7,0.22905027932960895,0.23277467411545621,0.770949720670391,0.7672253258845438
359,2,3,13,1,0,13,39,1,3,0,0,6,7,0.22841225626740946,0.23491179201485607,0.7715877437325905,0.765088207985144
360,2,3,13,1,0,13,39,1,3,0,0,6,7,0.22777777777777777,0.23703703703703705,0.7722222222222223,0.762962962962963
361,2,3,13,1,1,13,39,1,2,0,0,6,7,0.22714681440443213,0.23822714681440443,0.7728531855955678,0.7617728531855956
362,2,3,13,2,1,13,39,1,1,0,0,6,7,0.2274401473296501,0.23848987108655617,0.7725598526703499,0.7615101289134438
363,2,3,13,3,0,13,39,1,1,0,0,6,7,0.22865013774104684,0.23875114784205692,0.7713498622589532,0.761248852157943
364,2,3,13,2,0,13,39,2,1,0,0,6,7,0.22893772893772893,0.23901098901098902,0.7710622710622711,0.760989010989011
365,2,3,13,2,0,13,39,2,1,0,0,6,7,0.22922374429223744,0.23926940639269406,0.7707762557077625,0.7607305936073059
366,2,3,13,0,1,13,39,4,0,0,0,4,9,0.22859744990892533,0.23861566484517305,0.7714025500910746,0.761384335154827
367,2,3,13,1,1,13,39,3,0,0,0,4,9,0.22888283378746596,0.23796548592188918,0.771117166212534,0.7620345140781108
368,2,3,13,2,0,13,39,3,0,0,0,4,9,0.22916666666666669,0.23731884057971014,0.7708333333333333,0.7626811594202898
369,2,3,13,2,0,13,39,3,0,0,0,4,9,0.22944896115627825,0.23667570009033423,0.7705510388437218,0.7633242999096658
370,2,3,13,2,0,13,39,3,0,0,0,4,9,0.22972972972972974,0.23603603603603604,0.7702702702702703,0.7639639639639639
371,2,3,13,1,0,13,39,4,0,0,0,4,9,0.22911051212938005,0.23539982030548068,0.77088948787062,0.7646001796945193
372,2,3,13,1,0,13,39,4,0,0,0,4,9,0.22849462365591397,0.23476702508960573,0.771505376344086,0.7652329749103943
373,2,3,13,0,1,13,39,4,0,0,0,4,9,0.22788203753351208,0.23413762287756926,0.7721179624664879,0.7658623771224308
374,2,3,13,1,0,13,39,4,0,0,0,4,9,0.2281639928698752,0.23351158645276293,0.7718360071301248,0.7664884135472371
375,2,3,13,1,2,13,39,2,0,0,0,4,9,0.22844444444444445,0.2328888888888889,0.7715555555555556,0.7671111111111111
376,2,3,13,2,0,13,39,2,1,0,0,4,9,0.22872340425531915,0.23315602836879432,0.7712765957446809,0.7668439716312057
377,2,3,13,2,0,13,39,2,1,0,0,4,9,0.22900088417329797,0.23342175066312998,0.770999115826702,0.76657824933687
378,2,3,13,2,0,13,39,2,1,0,0,4,9,0.2292768959435626,0.23368606701940034,0.7707231040564374,0.7663139329805997
379,2,3,13,1,0,13,39,2,2,0,0,4,9,0.22867194371152155,0.23482849604221637,0.7713280562884784,0.7651715039577837
380,2,3,13,1,1,13,39,1,2,0,0,4,9,0.22807017543859648,0.23596491228070177,0.7719298245614035,0.7640350877192983
381,2,3,13,1,0,13,39,2,2,0,0,3,10,0.2283464566929134,0.23709536307961504,0.7716535433070866,0.7629046369203849
382,2,3,13,1,1,13,39,1,2,0,0,3,10,0.2286212914485166,0.23821989528795812,0.7713787085514834,0.7617801047120418
383,2,3,13,2,0,13,39,1,2,0,0,3,10,0.2288946910356832,0.23933855526544823,0.7711053089643168,0.7606614447345518
384,2,3,13,2,1,13,39,1,1,0,0,3,10,0.22916666666666666,0.23958333333333334,0.7708333333333334,0.7604166666666666
385,2,3,13,2,0,13,39,1,2,0,0,3,10,0.22943722943722944,0.24069264069264068,0.7705627705627706,0.7593073593073594
386,2,3,13,2,0,13,39,1,2,0,0,3,10,0.229706390328152,0.24179620034542315,0.770293609671848,0.7582037996545768
387,2,3,13,2,0,13,39,1,2,0,0,3,10,0.22997416020671835,0.24289405684754523,0.7700258397932817,0.7571059431524547
388,2,3,13,1,0,13,39,2,2,0,0,2,11,0.23024054982817868,0.24398625429553264,0.7697594501718213,0.7560137457044673
389,2,3,13,1,1,13,39,2,1,0,0,2,11,0.23050556983718937,0.2442159383033419,0.7694944301628106,0.7557840616966581
390,2,3,13,1,1,13,39,2,1,0,0,2,11,0.23076923076923078,0.24444444444444444,0.7692307692307692,0.7555555555555555
391,2,3,13,2,0,13,39,2,1,0,0,2,11,0.2310315430520034,0.24467178175618073,0.7689684569479966,0.7553282182438192
392,2,3,13,2,0,13,39,2,1,0,0,2,11,0.23129251700680273,0.24489795918367346,0.7687074829931972,0.7551020408163265
393,2,3,13,1,1,13,39,3,0,0,0,1,12,0.23070398642917728,0.24427480916030533,0.7692960135708227,0.7557251908396947
394,2,3,13,2,0,13,39,3,0,0,0,1,12,0.23096446700507614,0.2436548223350254,0.7690355329949239,0.7563451776649746
395,2,3,13,2,1,13,39,2,0,0,0,1,12,0.23122362869198312,0.2430379746835443,0.7687763713080169,0.7569620253164557
396,2,3,13,2,0,13,39,3,0,0,0,1,12,0.23063973063973064,0.24242424242424243,0.7693602693602694,0.7575757575757576
397,2,3,13,1,0,13,39,4,0,0,0,1,12,0.23005877413937867,0.24181360201511334,0.7699412258606213,0.7581863979848866
398,2,3,13,1,0,13,39,4,0,0,0,1,12,0.22948073701842547,0.24120603015075376,0.7705192629815745,0.7587939698492463
399,2,3,13,1,1,13,39,3,0,0,0,1,12,0.22890559732664995,0.24060150375939848,0.77109440267335,0.7593984962406015
400,2,3,13,2,1,13,39,2,0,0,0,1,12,0.22916666666666666,0.24,0.7708333333333334,0.76
401,2,3,13,3,0,13,39,2,0,0,0,1,12,0.23025768911055694,0.23940149625935161,0.769742310889443,0.7605985037406484
402,2,3,13,3,0,13,39,2,0,0,0,1,12,0.23134328358208955,0.23880597014925373,0.7686567164179104,0.7611940298507462
403,2,3,13,3,1,13,39,1,0,0,0,1,12,0.23242349048800662,0.23821339950372208,0.7675765095119934,0.7617866004962779
404,2,3,13,2,1,13,39,1,1,0,0,0,13,0.2334983498349835,0.23844884488448845,0.7665016501650165,0.7615511551155115
405,2,3,13,1,1,13,39,1,2,0,0,0,13,0.2337448559670782,0.23950617283950618,0.7662551440329218,0.7604938271604939
406,2,3,13,0,1,13,39,1,3,0,0,0,13,0.23316912972085385,0.2413793103448276,0.7668308702791462,0.7586206896551724
407,2,3,13,0,1,13,39,1,3,0,0,0,13,0.2325962325962326,0.24324324324324326,0.7674037674037674,0.7567567567567568
408,2,3,13,0,1,13,39,1,3,0,0,0,13,0.23202614379084968,0.24509803921568626,0.7679738562091503,0.7549019607843137
409,2,3,13,0,1,13,39,1,3,0,0,0,13,0.23145884270578648,0.2469437652811736,0.7685411572942136,0.7530562347188264
410,2,3,13,0,1,13,39,1,3,0,0,0,13,0.23089430894308943,0.24878048780487805,0.7691056910569105,0.751219512195122
411,2,3,13,0,3,13,39,0,2,0,0,0,13,0.2303325223033252,0.24979724249797242,0.7696674776966748,0.7502027575020276
412,2,3,13,0,3,13,39,0,2,0,0,0,13,0.2297734627831715,0.25080906148867316,0.7702265372168284,0.7491909385113269
413,2,3,13,0,4,13,39,0,1,0,0,0,13,0.22921711057304278,0.2510088781275222,0.7707828894269573,0.7489911218724778
414,2,3,13,0,4,13,39,0,1,0,0,0,13,0.2286634460547504,0.25120772946859904,0.7713365539452496,0.748792270531401
415,2,3,13,0,5,13,39,0,0,0,0,0,13,0.2281124497991968,0.25060240963855424,0.7718875502008032,0.7493975903614458
416,2,3,13,1,4,13,39,0,0,0,0,0,13,0.2283653846153846,0.25,0.7716346153846154,0.75
417,2,3,13,1,4,13,39,0,0,0,0,0,13,0.22861710631494805,0.24940047961630696,0.771382893685052,0.750599520383693
418,2,3,13,1,4,13,39,0,0,0,0,0,13,0.22886762360446572,0.24880382775119617,0.7711323763955342,0.7511961722488039
419,2,3,13,1,4,13,39,0,0,0,0,0,13,0.22911694510739858,0.24821002386634844,0.7708830548926014,0.7517899761336515
420,2,3,13,1,4,13,39,0,0,0,0,0,13,0.22936507936507936,0.24761904761904763,0.7706349206349207,0.7523809523809524
421,2,3,13,0,4,13,39,1,0,0,0,0,13,0.2288202692003167,0.24703087885985747,0.7711797307996833,0.7529691211401426
422,2,3,13,0,4,13,39,1,0,0,0,0,13,0.2282780410742496,0.24644549763033174,0.7717219589257505,0.7535545023696683
423,2,3,13,0,4,13,39,1,0,0,0,0,13,0.22773837667454688,0.2458628841607565,0.7722616233254531,0.7541371158392435
424,2,3,13,0,4,13,39,1,0,0,0,0,13,0.22720125786163523,0.24528301886792453,0.7727987421383647,0.7547169811320755
425,2,3,13,0,4,13,39,1,0,0,0,0,13,0.22666666666666666,0.2447058823529412,0.7733333333333333,0.7552941176470588
426,2,3,13,0,4,13,39,1,0,0,0,0,13,0.22613458528951486,0.24413145539906103,0.7738654147104851,0.755868544600939
427,2,3,13,0,4,13,39,1,0,0,0,0,13,0.22560499609679938,0.24355971896955503,0.7743950039032006,0.7564402810304449
428,2,3,13,0,5,13,39,0,0,0,0,0,13,0.2250778816199377,0.24299065420560748,0.7749221183800623,0.7570093457943925
429,2,3,13,1,4,13,39,0,0,0,0,0,13,0.22533022533022534,0.24242424242424243,0.7746697746697746,0.7575757575757576
430,2,3,13,1,4,13,39,0,0,0,0,0,13,0.2255813953488372,0.24186046511627907,0.7744186046511627,0.758139534883721
431,2,3,13,1,4,13,39,0,0,0,0,0,13,0.22583139984532097,0.24129930394431554,0.774168600154679,0.7587006960556845
432,2,3,13,1,4,13,39,0,0,0,0,0,13,0.22608024691358025,0.24074074074074073,0.7739197530864197,0.7592592592592593
433,2,3,13,1,4,13,39,0,0,0,0,0,13,0.22632794457274827,0.24018475750577367,0.7736720554272517,0.7598152424942264
434,2,3,13,0,4,13,39,0,1,0,0,0,13,0.22580645161290322,0.2403993855606759,0.7741935483870968,0.7596006144393241
435,2,3,13,0,4,13,39,0,1,0,0,0,13,0.22528735632183908,0.24061302681992336,0.774712643678161,0.7593869731800766
436,2,3,13,0,4,13,39,0,1,0,0,0,13,0.22477064220183487,0.2408256880733945,0.7752293577981652,0.7591743119266054
437,2,3,13,0,4,13,39,0,1,0,0,0,13,0.2242562929061785,0.2410373760488177,0.7757437070938216,0.7589626239511823
438,2,3,13,0,4,13,39,0,1,0,0,0,13,0.2237442922374429,0.24124809741248096,0.7762557077625571,0.758751902587519
439,2,3,13,0,4,13,39,0,1,0,0,0,13,0.22323462414578588,0.24145785876993167,0.7767653758542141,0.7585421412300684
440,2,3,13,0,4,13,39,0,1,0,0,0,13,0.22272727272727272,0.24166666666666667,0.7772727272727273,0.7583333333333333
441,2,3,13,0,4,13,39,0,1,0,0,0,13,0.2222222222222222,0.2418745275888133,0.7777777777777778,0.7581254724111867
442,2,3,13,0,5,13,39,0,0,0,0,0,13,0.22171945701357465,0.24132730015082957,0.7782805429864253,0.7586726998491704
443,2,3,13,0,5,13,39,0,0,0,0,0,13,0.22121896162528218,0.24078254326561324,0.7787810383747178,0.7592174567343868
444,2,3,13,0,5,13,39,0,0,0,0,0,13,0.22072072072072071,0.24024024024024024,0.7792792792792793,0.7597597597597597
445,2,3,13,0,5,13,39,0,0,0,0,0,13,0.2202247191011236,0.2397003745318352,0.7797752808988764,0.7602996254681648
446,2,3,13,0,5,13,39,0,0,0,0,0,13,0.21973094170403587,0.23916292974588937,0.7802690582959642,0.7608370702541106
447,2,3,13,0,5,13,39,0,0,0,0,0,13,0.21923937360178972,0.23862788963460105,0.7807606263982103,0.761372110365399
448,2,3,13,0,5,13,39,0,0,0,0,0,13,0.21875,0.23809523809523808,0.78125,0.7619047619047619
449,2,3,13,0,5,13,39,0,0,0,0,0,13,0.2182628062360802,0.23756495916852263,0.7817371937639198,0.7624350408314774
450,2,3,13,0,5,13,39,0,0,0,0,0,13,0.21777777777777776,0.23703703703703705,0.7822222222222223,0.762962962962963
451,2,3,13,0,5,13,39,0,0,0,0,0,13,0.21729490022172948,0.23651145602365115,0.7827050997782705,0.7634885439763488
452,2,3,13,0,5,13,39,0,0,0,0,0,13,0.2168141592920354,0.2359882005899705,0.7831858407079646,0.7640117994100295
453,2,3,11,0,5,13,39,0,0,0,0,0,11,0.2163355408388521,0.235467255334805,0.7836644591611479,0.764532744665195
454,2,3,11,0,5,11,41,0,0,0,0,0,11,0.21585903083700442,0.23494860499265785,0.7841409691629956,0.7650513950073421
455,2,3,11,0,5,11,41,0,0,0,0,0,11,0.2153846153846154,0.23443223443223443,0.7846153846153846,0.7655677655677655
456,2,3,10,0,5,11,41,0,0,0,0,0,10,0.2149122807017544,0.23391812865497075,0.7850877192982456,0.7660818713450293
457,2,3,8,0,5,10,42,0,0,0,0,0,8,0.21444201312910285,0.23340627279358134,0.7855579868708972,0.7665937272064187
458,2,3,9,0,6,9,43,0,0,0,0,0,8,0.21397379912663755,0.2328966521106259,0.7860262008733625,0.7671033478893741
459,2,3,10,2,4,10,42,0,0,0,0,1,8,0.21423384168482207,0.23238925199709515,0.7857661583151779,0.7676107480029049
460,2,3,10,4,1,10,42,0,0,0,0,2,8,0.21521739130434783,0.2318840579710145,0.7847826086956522,0.7681159420289855
461,2,3,10,4,1,10,42,0,0,0,0,2,8,0.21619667389732466,0.2313810556760665,0.7838033261026753,0.7686189443239335
462,2,3,10,3,1,10,42,1,0,0,0,1,9,0.21645021645021645,0.23088023088023088,0.7835497835497836,0.7691197691197691
463,2,3,10,3,2,11,41,1,0,0,0,1,8,0.21670266378689704,0.23038156947444205,0.7832973362131029,0.769618430525558
464,2,3,11,2,1,11,41,3,0,0,0,1,9,0.21695402298850575,0.22988505747126436,0.7830459770114943,0.7701149425287357
465,2,3,12,1,1,12,40,4,0,0,0,2,9,0.2172043010752688,0.22939068100358423,0.7827956989247312,0.7706093189964158
466,2,3,12,1,0,12,40,4,0,0,0,3,9,0.21745350500715308,0.22889842632331903,0.7825464949928469,0.771101573676681
467,2,3,12,1,0,12,40,4,0,0,0,3,9,0.21770164168451106,0.22840827980014275,0.782298358315489,0.7715917201998572
468,2,3,12,0,0,12,40,5,0,0,0,2,10,0.21723646723646722,0.22792022792022792,0.7827635327635327,0.7720797720797721
469,2,3,13,0,1,13,39,5,0,0,0,2,10,0.21677327647476902,0.22743425728500355,0.783226723525231,0.7725657427149965
470,2,3,13,0,0,13,39,5,0,0,0,3,10,0.21631205673758866,0.22695035460992907,0.7836879432624113,0.7730496453900709
471,2,3,13,0,1,13,39,4,0,0,0,3,10,0.21585279547062985,0.22646850672328378,0.7841472045293701,0.7735314932767162
472,2,3,12,1,2,13,39,2,0,0,0,3,9,0.21610169491525424,0.22598870056497175,0.7838983050847458,0.7740112994350282
473,2,3,8,3,0,12,40,2,0,0,0,3,5,0.21705426356589147,0.2255109231853418,0.7829457364341086,0.7744890768146582
474,2,3,8,3,1,8,44,1,0,0,0,3,5,0.2180028129395218,0.2250351617440225,0.7819971870604782,0.7749648382559775
475,2,3,8,3,0,8,44,1,1,0,0,3,5,0.21824561403508771,0.22526315789473683,0.7817543859649123,0.7747368421052632
476,2,3,8,3,0,8,44,1,1,0,0,3,5,0.2184873949579832,0.22549019607843138,0.7815126050420168,0.7745098039215687
477,2,3,8,2,0,8,44,1,2,0,0,3,5,0.2180293501048218,0.22641509433962265,0.7819706498951782,0.7735849056603774
478,2,3,10,2,3,10,42,0,2,0,0,3,5,0.2175732217573222,0.22733612273361228,0.7824267782426778,0.7726638772663877
479,2,3,10,3,0,10,42,0,2,0,0,5,5,0.21781489213639527,0.22825330549756437,0.7821851078636047,0.7717466945024356
480,2,3,13,3,3,13,39,0,2,0,0,5,5,0.21805555555555556,0.22916666666666666,0.7819444444444444,0.7708333333333334
481,2,3,13,2,0,13,39,1,2,0,0,7,6,0.2182952182952183,0.23007623007623007,0.7817047817047817,0.76992376992377
482,2,3,13,1,0,13,39,2,2,0,0,7,6,0.21853388658367912,0.23098201936376211,0.7814661134163209,0.7690179806362378
483,2,3,13,0,1,13,39,2,2,0,0,7,6,0.2180814354727398,0.2318840579710145,0.7819185645272602,0.7681159420289855
484,2,3,13,1,1,13,39,2,1,0,0,7,6,0.21831955922865015,0.23209366391184574,0.7816804407713498,0.7679063360881543
485,2,3,13,2,0,13,39,2,1,0,0,7,6,0.21924398625429553,0.2323024054982818,0.7807560137457045,0.7676975945017182
486,2,3,13,2,0,13,39,2,1,0,0,7,6,0.22016460905349794,0.23251028806584362,0.7798353909465021,0.7674897119341564
487,2,3,13,1,0,13,39,3,1,0,0,7,6,0.22039698836413416,0.2327173169062286,0.7796030116358659,0.7672826830937713
488,2,3,13,0,1,13,39,3,1,0,0,6,7,0.21994535519125682,0.23292349726775957,0.7800546448087432,0.7670765027322404
489,2,3,11,1,0,13,39,3,1,0,0,6,5,0.2194955691888207,0.2331288343558282,0.7805044308111793,0.7668711656441718
490,2,3,11,1,0,11,41,3,1,0,0,6,5,0.21904761904761905,0.23333333333333334,0.780952380952381,0.7666666666666666
491,2,3,11,1,0,11,41,3,1,0,0,6,5,0.21860149355057706,0.23353699932111338,0.7813985064494229,0.7664630006788866
492,2,3,11,1,2,11,41,2,0,0,0,6,5,0.2181571815718157,0.23306233062330622,0.7818428184281843,0.7669376693766938
493,2,3,11,3,0,11,41,2,0,0,0,6,5,0.21839080459770116,0.2325895875591616,0.7816091954022988,0.7674104124408384
494,2,3,11,3,1,11,41,1,0,0,0,6,5,0.21862348178137653,0.2321187584345479,0.7813765182186234,0.7678812415654521
495,2,3,11,4,0,11,41,1,0,0,0,6,5,0.21952861952861952,0.23164983164983166,0.7804713804713805,0.7683501683501683
496,2,3,13,4,2,13,39,1,0,0,0,6,5,0.22043010752688172,0.23118279569892472,0.7795698924731183,0.7688172043010753
497,2,3,13,3,1,13,39,1,0,0,0,8,5,0.22132796780684105,0.2307176391683434,0.778672032193159,0.7692823608316566
498,2,3,13,1,0,13,39,3,1,0,0,7,6,0.2215528781793842,0.23092369477911648,0.7784471218206158,0.7690763052208835
499,2,3,13,1,0,13,39,3,1,0,0,7,6,0.22177688710754842,0.23112892451569805,0.7782231128924516,0.768871075484302
500,2,3,13,1,0,13,39,3,1,0,0,7,6,0.222,0.23133333333333334,0.778,0.7686666666666666
501,2,3,13,0,0,13,39,3,2,0,0,7,6,0.2215568862275449,0.2322022621423819,0.7784431137724551,0.7677977378576181
502,2,3,13,0,0,13,39,3,2,0,0,7,6,0.22111553784860558,0.23306772908366533,0.7788844621513944,0.7669322709163346
503,2,3,13,0,0,13,39,3,2,0,0,7,6,0.220675944333996,0.23392975480450628,0.7793240556660039,0.7660702451954937
504,2,3,13,0,0,13,39,3,2,0,0,7,6,0.22023809523809523,0.2347883597883598,0.7797619047619048,0.7652116402116402
505,2,3,13,0,1,13,39,3,1,0,0,7,6,0.2198019801980198,0.23498349834983498,0.7801980198019802,0.765016501650165
506,2,3,13,1,3,13,39,0,1,0,0,7,6,0.22002635046113306,0.23517786561264822,0.7799736495388669,0.7648221343873518
507,2,3,13,4,0,13,39,0,1,0,0,7,6,0.22090729783037474,0.2353714661406969,0.7790927021696252,0.7646285338593031
508,2,3,13,4,0,13,39,0,1,0,0,7,6,0.22178477690288714,0.23556430446194226,0.7782152230971129,0.7644356955380578
509,2,3,13,4,1,13,39,0,0,0,0,7,6,0.2226588081204977,0.23510150622134904,0.7773411918795023,0.7648984937786509
510,2,3,13,4,0,13,39,1,0,0,0,6,7,0.2235294117647059,0.234640522875817,0.7764705882352941,0.765359477124183
511,2,3,13,3,0,13,39,2,0,0,0,5,8,0.22439660795825178,0.23418134377038485,0.7756033920417482,0.7658186562296152
512,2,3,13,2,0,13,39,2,1,0,0,5,8,0.224609375,0.234375,0.775390625,0.765625
513,2,3,13,2,0,13,39,2,1,0,0,5,8,0.22482131254061077,0.2345679012345679,0.7751786874593892,0.7654320987654322
514,2,3,13,1,0,13,39,3,1,0,0,5,8,0.22503242542153049,0.23476005188067445,0.7749675745784695,0.7652399481193255
515,2,3,13,1,0,13,39,3,1,0,0,5,8,0.22524271844660193,0.23495145631067962,0.7747572815533981,0.7650485436893204
516,2,3,13,0,0,13,39,4,1,0,0,5,8,0.2248062015503876,0.2351421188630491,0.7751937984496124,0.7648578811369509
517,2,3,13,0,0,13,39,4,1,0,0,5,8,0.22437137330754353,0.23533204384268214,0.7756286266924565,0.7646679561573179
518,2,3,13,0,0,13,39,4,1,0,0,5,8,0.22393822393822393,0.23552123552123552,0.7760617760617761,0.7644787644787645
519,2,3,13,0,1,13,39,3,1,0,0,5,8,0.22350674373795762,0.2357096981374438,0.7764932562620424,0.7642903018625562
520,2,3,13,1,1,13,39,2,1,0,0,5,8,0.22371794871794873,0.2358974358974359,0.7762820512820513,0.764102564102564
521,2,3,13,2,0,13,39,2,1,0,0,5,8,0.22392834293026231,0.236084452975048,0.7760716570697377,0.763915547024952
522,2,3,13,2,1,13,39,2,0,0,0,5,8,0.22413793103448276,0.23563218390804597,0.7758620689655172,0.764367816091954
523,2,3,13,3,1,13,39,1,0,0,0,5,8,0.2249840662842575,0.23518164435946462,0.7750159337157425,0.7648183556405354
524,2,3,13,3,0,13,39,1,1,0,0,5,8,0.22519083969465647,0.23536895674300254,0.7748091603053435,0.7646310432569975
525,2,3,13,2,1,13,39,1,1,0,0,4,9,0.22476190476190477,0.23555555555555555,0.7752380952380953,0.7644444444444445
526,2,3,13,2,0,13,39,2,1,0,0,3,10,0.2249683143219265,0.23574144486692014,0.7750316856780735,0.7642585551330798
527,2,3,13,2,0,13,39,2,1,0,0,3,10,0.2251739405439595,0.23592662871600253,0.7748260594560406,0.7640733712839974
528,2,3,13,2,0,13,39,2,1,0,0,3,10,0.22537878787878787,0.2361111111111111,0.7746212121212122,0.7638888888888888
529,2,3,13,1,0,13,39,3,1,0,0,3,10,0.22558286074354128,0.23629489603024575,0.7744171392564587,0.7637051039697542
530,2,3,13,1,0,13,39,3,1,0,0,3,10,0.22578616352201258,0.23647798742138365,0.7742138364779874,0.7635220125786164
531,2,3,13,1,0,13,39,3,1,0,0,3,10,0.22598870056497175,0.23666038920276208,0.7740112994350282,0.7633396107972379
532,2,3,13,0,0,13,39,3,2,0,0,3,10,0.22556390977443608,0.237468671679198,0.7744360902255639,0.762531328320802
533,2,3,13,0,0,13,39,3,2,0,0,3,10,0.225140712945591,0.23827392120075047,0.774859287054409,0.7617260787992495
534,2,3,13,0,2,13,39,2,1,0,0,3,10,0.2247191011235955,0.23845193508114856,0.7752808988764045,0.7615480649188514
535,2,3,13,2,1,13,39,1,1,0,0,3,10,0.22554517133956387,0.23862928348909657,0.7744548286604361,0.7613707165109034
536,2,3,13,3,0,13,39,1,1,0,0,3,10,0.2263681592039801,0.23880597014925373,0.7736318407960199,0.7611940298507462
537,2,3,13,2,0,13,39,1,2,0,0,3,10,0.22656734947237742,0.23960273122284295,0.7734326505276226,0.7603972687771571
538,2,3,13,2,1,13,39,0,2,0,0,3,10,0.22676579925650558,0.24039653035935563,0.7732342007434945,0.7596034696406444
539,2,3,13,2,0,13,39,1,2,0,0,3,10,0.22634508348794063,0.24118738404452691,0.7736549165120594,0.7588126159554731
540,2,3,13,2,0,13,39,1,2,0,0,3,10,0.22592592592592592,0.2419753086419753,0.7740740740740741,0.7580246913580246
541,2,3,13,2,0,13,39,1,2,0,0,3,10,0.2255083179297597,0.24276032039433149,0.7744916820702403,0.7572396796056685
542,2,3,13,2,1,13,39,1,1,0,0,3,10,0.22509225092250923,0.24292742927429276,0.7749077490774907,0.7570725707257072
543,2,3,13,2,0,13,39,2,1,0,0,2,11,0.22529158993247392,0.2430939226519337,0.7747084100675261,0.7569060773480663
544,2,3,13,2,0,13,39,2,1,0,0,2,11,0.22549019607843138,0.24325980392156862,0.7745098039215687,0.7567401960784313
545,2,3,13,2,0,13,39,2,1,0,0,2,11,0.22568807339449543,0.2434250764525994,0.7743119266055045,0.7565749235474006
546,2,3,13,1,1,13,39,3,0,0,0,1,12,0.2258852258852259,0.24297924297924298,0.7741147741147741,0.757020757020757
547,2,3,13,2,0,13,39,3,0,0,0,1,12,0.226691042047532,0.2425350396099939,0.773308957952468,0.7574649603900061
548,2,3,13,1,1,13,39,3,0,0,0,1,12,0.22688564476885645,0.24209245742092458,0.7731143552311436,0.7579075425790754
549,2,3,13,1,0,13,39,4,0,0,0,1,12,0.2270795385549484,0.2416514875531269,0.7729204614450516,0.7583485124468731
550,2,3,13,1,0,13,39,4,0,0,0,1,12,0.22727272727272727,0.2412121212121212,0.7727272727272727,0.7587878787878788
551,2,3,13,1,0,13,39,4,0,0,0,1,12,0.22746521476104054,0.24077434966727163,0.7725347852389595,0.7592256503327284
552,2,3,13,1,0,13,39,4,0,0,0,1,12,0.2276570048309179,0.24033816425120774,0.7723429951690821,0.7596618357487923
553,2,3,13,0,1,13,39,3,1,0,0,1,12,0.22724532851115128,0.24050632911392406,0.7727546714888487,0.759493670886076
554,2,3,13,0,1,13,39,3,1,0,0,1,12,0.22683513838748495,0.24067388688327315,0.7731648616125151,0.7593261131167268
555,2,3,13,0,2,13,39,2,1,0,0,1,12,0.22642642642642644,0.24084084084084084,0.7735735735735736,0.7591591591591591
556,2,3,13,1,1,13,39,2,1,0,0,1,12,0.2260191846522782,0.24100719424460432,0.7739808153477218,0.7589928057553956
557,2,3,13,1,2,13,39,1,1,0,0,1,12,0.2256134051466188,0.24117295032914424,0.7743865948533812,0.7588270496708558
558,2,3,13,2,1,13,39,1,1,0,0,1,12,0.22580645161290322,0.24133811230585425,0.7741935483870968,0.7586618876941458
559,2,3,13,2,2,13,39,0,1,0,0,1,12,0.22599880739415623,0.24150268336314848,0.7740011926058438,0.7584973166368515
560,2,3,13,3,1,13,39,0,1,0,0,1,12,0.22678571428571428,0.24166666666666667,0.7732142857142857,0.7583333333333333
561,2,3,13,2,1,13,39,1,1,0,0,0,13,0.22756981580510993,0.24183006535947713,0.7724301841948901,0.7581699346405228
562,2,3,13,1,2,13,39,1,1,0,0,0,13,0.2277580071174377,0.24199288256227758,0.7722419928825623,0.7580071174377224
563,2,3,13,1,1,13,39,1,2,0,0,0,13,0.22794552989934871,0.2427471876850207,0.7720544701006513,0.7572528123149793
564,2,3,13,1,1,13,39,1,2,0,0,0,13,0.2281323877068558,0.24349881796690306,0.7718676122931443,0.7565011820330969
565,2,3,13,1,1,13,39,1,2,0,0,0,13,0.22831858407079647,0.24424778761061947,0.7716814159292036,0.7557522123893805
566,2,3,13,0,1,13,39,2,2,0,0,0,13,0.22791519434628976,0.24499411071849234,0.7720848056537102,0.7550058892815077
567,2,3,13,0,1,13,39,2,2,0,0,0,13,0.2275132275132275,0.24573780129335684,0.7724867724867726,0.7542621987066431
568,2,3,13,0,1,13,39,2,2,0,0,0,13,0.22711267605633803,0.24647887323943662,0.772887323943662,0.7535211267605634
569,2,3,13,0,2,13,39,2,1,0,0,0,13,0.22671353251318102,0.2466315172817809,0.773286467486819,0.7533684827182191
570,2,3,13,0,2,13,39,2,1,0,0,0,13,0.22631578947368422,0.24678362573099416,0.7736842105263158,0.7532163742690059
571,2,3,13,0,3,13,39,1,1,0,0,0,13,0.22591943957968477,0.2469352014010508,0.7740805604203153,0.7530647985989491
572,2,3,13,0,4,13,39,1,0,0,0,0,13,0.22552447552447552,0.2465034965034965,0.7744755244755245,0.7534965034965035
573,2,3,13,0,4,13,39,1,0,0,0,0,13,0.225130890052356,0.24607329842931938,0.774869109947644,0.7539267015706806
574,2,3,13,0,4,13,39,1,0,0,0,0,13,0.22473867595818817,0.2456445993031359,0.7752613240418118,0.7543554006968641
575,2,3,13,0,4,13,39,1,0,0,0,0,13,0.22434782608695653,0.24521739130434783,0.7756521739130435,0.7547826086956522
576,2,3,13,0,5,13,39,0,0,0,0,0,13,0.22395833333333334,0.24479166666666666,0.7760416666666666,0.7552083333333334
577,2,3,13,1,4,13,39,0,0,0,0,0,13,0.2241478913922588,0.24436741767764297,0.7758521086077412,0.7556325823223571
578,2,3,13,1,4,13,39,0,0,0,0,0,13,0.2243367935409458,0.24394463667820068,0.7756632064590542,0.7560553633217993
579,2,3,13,1,4,13,39,0,0,0,0,0,13,0.22452504317789293,0.24352331606217617,0.7754749568221071,0.7564766839378239
580,2,3,13,0,4,13,39,0,1,0,0,0,13,0.22413793103448276,0.24367816091954023,0.7758620689655172,0.7563218390804598
581,2,3,13,0,4,13,39,0,1,0,0,0,13,0.22375215146299485,0.2438324727481354,0.7762478485370051,0.7561675272518646
582,2,3,13,0,4,13,39,0,1,0,0,0,13,0.22336769759450173,0.24398625429553264,0.7766323024054983,0.7560137457044673
583,2,3,13,0,4,13,39,0,1,0,0,0,13,0.22298456260720412,0.2441395082904517,0.7770154373927959,0.7558604917095483
584,2,3,13,0,4,13,39,0,1,0,0,0,13,0.2226027397260274,0.24429223744292236,0.7773972602739726,0.7557077625570776
585,2,3,13,0,4,13,39,0,1,0,0,0,13,0.2222222222222222,0.24444444444444444,0.7777777777777778,0.7555555555555555
586,2,3,13,0,4,13,39,0,1,0,0,0,13,0.22184300341296928,0.2445961319681456,0.7781569965870307,0.7554038680318544
587,2,3,13,0,5,13,39,0,0,0,0,0,13,0.22146507666098808,0.2441794434980125,0.778534923339012,0.7558205565019875
588,2,3,13,0,5,13,39,0,0,0,0,0,13,0.22108843537414966,0.2437641723356009,0.7789115646258503,0.7562358276643991
589,2,3,13,0,5,13,39,0,0,0,0,0,13,0.22071307300509338,0.24335031126202603,0.7792869269949066,0.756649688737974
590,2,3,13,0,5,13,39,0,0,0,0,0,13,0.22033898305084745,0.24293785310734464,0.7796610169491526,0.7570621468926554
591,2,3,13,0,5,13,39,0,0,0,0,0,13,0.21996615905245348,0.242526790750141,0.7800338409475465,0.7574732092498591
592,2,3,13,0,5,13,39,0,0,0,0,0,13,0.2195945945945946,0.24211711711711711,0.7804054054054054,0.7578828828828829
593,2,3,13,0,5,13,39,0,0,0,0,0,13,0.21922428330522767,0.2417088251826869,0.7807757166947723,0.7582911748173131
594,2,3,13,0,5,13,39,0,0,0,0,0,13,0.21885521885521886,0.24130190796857465,0.7811447811447811,0.7586980920314254
595,2,3,13,0,5,13,39,0,0,0,0,0,13,0.2184873949579832,0.24089635854341737,0.7815126050420168,0.7591036414565826
596,2,3,13,0,5,13,39,0,0,0,0,0,13,0.2181208053691275,0.24049217002237136,0.7818791946308725,0.7595078299776287
597,2,3,13,0,5,13,39,0,0,0,0,0,13,0.21775544388609716,0.2400893355667225,0.7822445561139029,0.7599106644332775
598,2,3,13,0,5,13,39,0,0,0,0,0,13,0.21739130434782608,0.23968784838350055,0.782608695652174,0.7603121516164995
599,2,3,13,0,5,13,39,0,0,0,0,0,13,0.21702838063439064,0.2392877017250974,0.7829716193656093,0.7607122982749026
600,2,3,13,0,5,13,39,0,0,0,0,0,13,0.21666666666666667,0.2388888888888889,0.7833333333333333,0.7611111111111111
601,2,3,13,0,5,13,39,0,0,0,0,0,13,0.21630615640599002,0.2384914032168608,0.78369384359401,0.7615085967831392
602,2,3,12,0,5,13,39,0,0,0,0,0,12,0.2159468438538206,0.23809523809523808,0.7840531561461794,0.7619047619047619
603,2,3,12,0,5,12,40,0,0,0,0,0,12,0.2155887230514096,0.2377003869541183,0.7844112769485904,0.7622996130458817
604,2,3,12,0,5,12,40,0,0,0,0,0,12,0.2152317880794702,0.23730684326710816,0.7847682119205298,0.7626931567328918
605,2,3,11,0,5,12,40,0,0,0,0,0,11,0.21487603305785125,0.2369146005509642,0.7851239669421488,0.7630853994490359
606,2,3,11,0,5,11,41,0,0,0,0,0,11,0.2145214521452145,0.23652365236523654,0.7854785478547854,0.7634763476347635
607,2,3,12,0,6,12,40,0,0,0,0,0,11,0.214168039538715,0.23613399231191654,0.785831960461285,0.7638660076880834
608,2,3,12,2,3,12,40,0,0,0,0,1,11,0.21436403508771928,0.23574561403508773,0.7856359649122807,0.7642543859649122
609,2,3,12,2,3,12,40,0,0,0,0,1,11,0.21455938697318008,0.23535851122058019,0.7854406130268199,0.7646414887794198
610,2,3,13,2,4,13,39,0,0,0,0,1,11,0.21475409836065573,0.23497267759562843,0.7852459016393443,0.7650273224043715
611,2,3,11,4,1,13,39,0,0,0,0,2,9,0.215493726132024,0.23458810692853246,0.784506273867976,0.7654118930714675
612,2,3,10,3,1,11,41,1,0,0,0,1,9,0.21568627450980393,0.23420479302832245,0.7843137254901961,0.7657952069716776
613,2,3,10,3,1,10,42,1,0,0,0,1,9,0.21587819467101685,0.2338227297444263,0.7841218053289831,0.7661772702555737
614,2,3,10,2,1,10,42,2,0,0,0,0,10,0.21552660152008687,0.23344191096634093,0.7844733984799132,0.7665580890336591
615,2,3,9,1,1,10,42,3,0,0,0,0,9,0.2151761517615176,0.23306233062330622,0.7848238482384824,0.7669376693766938
616,2,3,9,1,1,9,43,3,0,0,0,0,9,0.21482683982683984,0.2326839826839827,0.7851731601731602,0.7673160173160173
617,2,3,11,0,3,11,41,4,0,0,0,0,9,0.2144786601836845,0.23230686115613183,0.7855213398163154,0.7676931388438681
618,2,3,11,1,0,11,41,4,0,0,0,2,9,0.21467098166127294,0.2319309600862999,0.785329018338727,0.7680690399137001
619,2,3,12,1,1,12,40,4,0,0,0,2,9,0.2148626817447496,0.2315562735595046,0.7851373182552503,0.7684437264404954
620,2,3,12,1,1,12,40,3,0,0,0,3,9,0.21505376344086022,0.23118279569892472,0.7849462365591398,0.7688172043010753
621,2,3,13,2,1,13,39,3,0,0,0,3,9,0.21578099838969403,0.23081052066559313,0.784219001610306,0.7691894793344068
622,2,3,13,1,0,13,39,4,0,0,0,3,10,0.21596998928188638,0.2304394426580922,0.7840300107181136,0.7695605573419078
623,2,3,13,1,2,13,39,2,0,0,0,3,10,0.21615837346174424,0.23006955591225253,0.7838416265382557,0.7699304440877475
624,2,3,13,3,0,13,39,2,0,0,0,3,10,0.2168803418803419,0.2297008547008547,0.7831196581196581,0.7702991452991453
625,2,3,13,2,0,13,39,2,1,0,0,3,10,0.21706666666666666,0.22986666666666666,0.7829333333333334,0.7701333333333333
626,2,3,13,2,1,13,39,1,1,0,0,3,10,0.21725239616613418,0.23003194888178913,0.7827476038338659,0.7699680511182109
627,2,3,13,2,0,13,39,1,2,0,0,3,10,0.21690590111642744,0.2307283359914939,0.7830940988835726,0.7692716640085061
628,2,3,10,2,0,13,39,1,2,0,0,3,7,0.21656050955414013,0.23142250530785563,0.7834394904458599,0.7685774946921444
629,2,3,10,2,0,10,42,1,2,0,0,3,7,0.21621621621621623,0.23211446740858505,0.7837837837837838,0.7678855325914149
630,2,3,9,2,1,10,42,0,2,0,0,3,6,0.21587301587301588,0.2328042328042328,0.7841269841269841,0.7671957671957672
631,2,3,9,3,0,9,43,0,2,0,0,3,6,0.21605916534601163,0.2334918119387216,0.7839408346539883,0.7665081880612784
632,2,3,9,2,0,9,43,1,2,0,0,3,6,0.21624472573839662,0.23417721518987342,0.7837552742616034,0.7658227848101266
633,2,3,10,2,3,11,41,1,1,0,0,3,5,0.21642969984202212,0.23433385992627698,0.7835703001579779,0.765666140073723
634,2,3,12,3,3,12,40,1,0,0,0,5,5,0.2171398527865405,0.23396424815983174,0.7828601472134595,0.7660357518401683
635,2,3,12,3,0,12,40,1,1,0,0,7,5,0.2178477690288714,0.23412073490813648,0.7821522309711286,0.7658792650918635
636,2,3,12,2,0,12,40,2,1,0,0,6,6,0.21855345911949686,0.23427672955974843,0.7814465408805031,0.7657232704402516
637,2,3,12,2,0,12,40,2,1,0,0,6,6,0.21925693354264783,0.23443223443223443,0.7807430664573521,0.7655677655677655
638,2,3,12,1,0,12,40,3,1,0,0,5,7,0.219435736677116,0.23458725182863113,0.780564263322884,0.7654127481713688
639,2,3,13,1,1,13,39,3,1,0,0,5,7,0.21961398017736045,0.2347417840375587,0.7803860198226396,0.7652582159624413
640,2,3,11,1,1,13,39,2,1,0,0,6,5,0.21979166666666666,0.23489583333333333,0.7802083333333334,0.7651041666666667
641,2,3,11,1,0,11,41,3,1,0,0,6,5,0.21944877795111806,0.23504940197607904,0.7805512220488819,0.764950598023921
642,2,3,11,1,0,11,41,3,1,0,0,6,5,0.21910695742471442,0.235202492211838,0.7808930425752856,0.764797507788162
643,2,3,11,1,0,11,41,3,1,0,0,6,5,0.21876620010368067,0.23535510627268014,0.7812337998963194,0.7646448937273198
644,2,3,11,1,2,11,41,2,0,0,0,6,5,0.21842650103519667,0.2349896480331263,0.7815734989648033,0.7650103519668737
645,2,3,11,3,1,11,41,1,0,0,0,6,5,0.2186046511627907,0.234625322997416,0.7813953488372093,0.765374677002584
646,2,3,12,4,1,12,40,1,0,0,0,6,5,0.21929824561403508,0.23426212590299278,0.7807017543859649,0.7657378740970072
647,2,3,13,4,1,13,39,1,0,0,0,7,5,0.2199896960329727,0.23390005151983514,0.7800103039670273,0.7660999484801648
648,2,3,13,2,0,13,39,3,0,0,0,7,6,0.22016460905349794,0.23353909465020575,0.7798353909465021,0.7664609053497943
649,2,3,13,2,1,13,39,2,0,0,0,7,6,0.22033898305084745,0.23317925012840268,0.7796610169491526,0.7668207498715973
650,2,3,13,2,0,13,39,2,1,0,0,7,6,0.2205128205128205,0.23333333333333334,0.7794871794871795,0.7666666666666666
651,2,3,13,1,0,13,39,3,1,0,0,7,6,0.22068612391193038,0.23348694316436253,0.7793138760880696,0.7665130568356375
652,2,3,13,1,0,13,39,3,1,0,0,7,6,0.22085889570552147,0.233640081799591,0.7791411042944785,0.766359918200409
653,2,3,13,1,0,13,39,3,1,0,0,7,6,0.22103113833588567,0.23379275140377745,0.7789688616641144,0.7662072485962226
654,2,3,13,1,0,13,39,3,1,0,0,7,6,0.22120285423037717,0.23394495412844038,0.7787971457696228,0.7660550458715596
655,2,3,13,1,1,13,39,2,1,0,0,7,6,0.22137404580152673,0.2340966921119593,0.7786259541984732,0.7659033078880407
656,2,3,13,1,1,13,39,1,2,0,0,7,6,0.22103658536585366,0.2347560975609756,0.7789634146341463,0.7652439024390244
657,2,3,13,2,0,13,39,1,2,0,0,7,6,0.22120750887874174,0.23541349568746828,0.7787924911212583,0.7645865043125317
658,2,3,13,2,1,13,39,1,1,0,0,7,6,0.22137791286727457,0.23556231003039513,0.7786220871327254,0.7644376899696048
659,2,3,13,3,1,13,39,0,1,0,0,7,6,0.22205361659079415,0.2357106727364694,0.7779463834092059,0.7642893272635306
660,2,3,13,3,0,13,39,0,2,0,0,7,6,0.2222222222222222,0.23636363636363636,0.7777777777777778,0.7636363636363637
661,2,3,13,2,0,13,39,1,2,0,0,6,7,0.22188603126575895,0.23701462430660616,0.7781139687342411,0.7629853756933939
662,2,3,13,2,0,13,39,1,2,0,0,6,7,0.2215508559919436,0.23766364551863042,0.7784491440080564,0.7623363544813696
663,2,3,13,1,0,13,39,2,2,0,0,5,8,0.2212166918049271,0.2383107088989442,0.7787833081950729,0.7616892911010558
664,2,3,13,1,0,13,39,2,2,0,0,5,8,0.22088353413654618,0.2389558232931727,0.7791164658634538,0.7610441767068273
665,2,3,13,0,1,13,39,3,1,0,0,5,8,0.22055137844611528,0.23909774436090225,0.7794486215538847,0.7609022556390977
666,2,3,13,1,0,13,39,3,1,0,0,5,8,0.22072072072072071,0.23923923923923923,0.7792792792792793,0.7607607607607607
667,2,3,13,1,0,13,39,3,1,0,0,5,8,0.22088955522238882,0.23938030984507747,0.7791104447776112,0.7606196901549225
668,2,3,13,1,1,13,39,3,0,0,0,5,8,0.22105788423153694,0.23902195608782434,0.7789421157684631,0.7609780439121756
669,2,3,13,1,0,13,39,4,0,0,0,5,8,0.22122571001494767,0.2386646736422521,0.7787742899850523,0.7613353263577479
670,2,3,13,1,1,13,39,3,0,0,0,5,8,0.22139303482587064,0.2383084577114428,0.7786069651741294,0.7616915422885572
671,2,3,13,2,0,13,39,3,0,0,0,5,8,0.22205663189269748,0.23795330352707403,0.7779433681073025,0.762046696472926
672,2,3,13,2,1,13,39,2,0,0,0,5,8,0.22271825396825398,0.23759920634920634,0.777281746031746,0.7624007936507937
673,2,3,13,2,0,13,39,2,1,0,0,5,8,0.22288261515601784,0.237741456166419,0.7771173848439822,0.7622585438335809
674,2,3,13,1,1,13,39,2,1,0,0,4,9,0.22255192878338279,0.23788328387734917,0.7774480712166172,0.7621167161226509
675,2,3,13,2,0,13,39,2,1,0,0,4,9,0.2222222222222222,0.2380246913580247,0.7777777777777778,0.7619753086419753
676,2,3,13,2,0,13,39,2,1,0,0,4,9,0.22189349112426035,0.23816568047337278,0.7781065088757396,0.7618343195266273
677,2,3,13,2,0,13,39,2,1,0,0,4,9,0.22156573116691286,0.23830625307730183,0.7784342688330872,0.7616937469226982
678,2,3,13,2,1,13,39,1,1,0,0,4,9,0.22123893805309736,0.2384464110127827,0.7787610619469026,0.7615535889872174
679,2,3,13,3,0,13,39,1,1,0,0,4,9,0.22140402552773686,0.23858615611192932,0.7785959744722631,0.7614138438880707
680,2,3,13,3,0,13,39,1,1,0,0,4,9,0.22156862745098038,0.23872549019607844,0.7784313725490196,0.7612745098039215
681,2,3,13,2,1,13,39,1,1,0,0,4,9,0.22173274596182085,0.2388644150758688,0.7782672540381792,0.7611355849241312
682,2,3,13,1,1,13,39,2,1,0,0,3,10,0.22189638318670576,0.23900293255131966,0.7781036168132942,0.7609970674486803
683,2,3,13,2,0,13,39,2,1,0,0,3,10,0.2225475841874085,0.23914104441190825,0.7774524158125915,0.7608589555880918
684,2,3,13,2,0,13,39,2,1,0,0,3,10,0.22319688109161792,0.23927875243664717,0.776803118908382,0.7607212475633528
685,2,3,13,2,0,13,39,2,1,0,0,3,10,0.22384428223844283,0.23941605839416058,0.7761557177615572,0.7605839416058394
686,2,3,13,2,0,13,39,2,1,0,0,3,10,0.22448979591836735,0.23955296404275997,0.7755102040816326,0.7604470359572401
687,2,3,13,1,0,13,39,2,2,0,0,3,10,0.22464822901504125,0.24017467248908297,0.7753517709849588,0.759825327510917
688,2,3,13,0,1,13,39,2,2,0,0,2,11,0.2243217054263566,0.24079457364341086,0.7756782945736433,0.7592054263565892
689,2,3,13,1,1,13,39,1,2,0,0,2,11,0.223996129656507,0.24141267537493952,0.776003870343493,0.7585873246250605
690,2,3,13,1,0,13,39,2,2,0,0,2,11,0.22367149758454105,0.24202898550724639,0.7763285024154589,0.7579710144927536
691,2,3,13,1,1,13,39,2,1,0,0,2,11,0.22334780511336227,0.2421611191509889,0.7766521948866377,0.7578388808490111
692,2,3,13,2,0,13,39,2,1,0,0,2,11,0.22350674373795762,0.24229287090558768,0.7764932562620424,0.7577071290944123
693,2,3,13,2,0,13,39,2,1,0,0,2,11,0.22366522366522368,0.24242424242424243,0.7763347763347763,0.7575757575757576
694,2,3,13,2,1,13,39,2,0,0,0,2,11,0.22382324687800192,0.2420749279538905,0.7761767531219981,0.7579250720461095
695,2,3,13,3,0,13,39,2,0,0,0,2,11,0.22446043165467625,0.24172661870503598,0.7755395683453238,0.758273381294964
696,2,3,13,2,1,13,39,2,0,0,0,2,11,0.2246168582375479,0.2413793103448276,0.7753831417624522,0.7586206896551724
697,2,3,13,1,0,13,39,4,0,0,0,1,12,0.22477283596365374,0.24103299856527977,0.7752271640363463,0.7589670014347203
698,2,3,13,1,1,13,39,3,0,0,0,1,12,0.22492836676217765,0.24068767908309455,0.7750716332378224,0.7593123209169055
699,2,3,13,2,0,13,39,3,0,0,0,1,12,0.22508345255126372,0.24034334763948498,0.7749165474487363,0.759656652360515
700,2,3,13,2,0,13,39,3,0,0,0,1,12,0.22523809523809524,0.24,0.7747619047619048,0.76
701,2,3,13,2,0,13,39,3,0,0,0,1,12,0.2253922967189729,0.2396576319543509,0.7746077032810271,0.7603423680456491
702,2,3,13,1,0,13,39,3,1,0,0,1,12,0.22507122507122507,0.23979107312440642,0.774928774928775,0.7602089268755936
703,2,3,13,1,1,13,39,2,1,0,0,1,12,0.22475106685633,0.23992413466097673,0.77524893314367,0.7600758653390233
704,2,3,13,1,0,13,39,3,1,0,0,0,13,0.22490530303030304,0.24005681818181815,0.775094696969697,0.7599431818181819
705,2,3,13,1,2,13,39,1,1,0,0,0,13,0.22505910165484633,0.24018912529550826,0.7749408983451537,0.7598108747044917
706,2,3,13,2,1,13,39,1,1,0,0,0,13,0.22568460812086874,0.24032105760151085,0.7743153918791312,0.7596789423984891
707,2,3,13,2,1,13,39,1,1,0,0,0,13,0.2263083451202263,0.24045261669024043,0.7736916548797736,0.7595473833097596
708,2,3,13,0,1,13,39,1,3,0,0,0,13,0.22598870056497175,0.24152542372881355,0.7740112994350282,0.7584745762711864
709,2,3,13,0,2,13,39,1,2,0,0,0,13,0.22566995768688294,0.24212505876821816,0.7743300423131171,0.7578749412317818
710,2,3,13,0,2,13,39,1,2,0,0,0,13,0.22535211267605634,0.24272300469483568,0.7746478873239436,0.7572769953051643
711,2,3,13,0,2,13,39,1,2,0,0,0,13,0.2250351617440225,0.24331926863572434,0.7749648382559775,0.7566807313642756
712,2,3,13,0,3,13,39,0,2,0,0,0,13,0.2247191011235955,0.24391385767790263,0.7752808988764045,0.7560861423220974
713,2,3,13,0,3,13,39,0,2,0,0,0,13,0.2244039270687237,0.2445067788686302,0.7755960729312763,0.7554932211313699
714,2,3,13,0,3,13,39,0,2,0,0,0,13,0.22408963585434175,0.24509803921568626,0.7759103641456583,0.7549019607843137
715,2,3,13,0,4,13,39,0,1,0,0,0,13,0.22377622377622378,0.24522144522144523,0.7762237762237763,0.7547785547785548
716,2,3,13,1,3,13,39,0,1,0,0,0,13,0.2239292364990689,0.24534450651769088,0.7760707635009311,0.7546554934823091
717,2,3,13,1,4,13,39,0,0,0,0,0,13,0.22408182240818225,0.24500232450023246,0.7759181775918178,0.7549976754997676
718,2,3,13,1,4,13,39,0,0,0,0,0,13,0.22423398328690808,0.244661095636026,0.775766016713092,0.755338904363974
719,2,3,13,0,4,13,39,1,0,0,0,0,13,0.2239221140472879,0.24432081594807603,0.7760778859527121,0.7556791840519239
720,2,3,13,0,4,13,39,1,0,0,0,0,13,0.22361111111111112,0.2439814814814815,0.7763888888888889,0.7560185185185185
721,2,3,13,0,4,13,39,1,0,0,0,0,13,0.22268326417704012,0.24296911018902723,0.7773167358229599,0.7570308898109728
